gn,file,source,enc,seed,innerOff,seed1,seed2,fileId,bpm
sdom0026,sdom0026K.gn,閉撰敃氪,sdom,9522622,456,,,10026,127.0
sdom0039,sdom0039K.gn,閉撰敃氪,sdom,11096582,456,,,10039,160.01
sdom0043,sdom0043K.gn,閉撰敃氪,sdom,11373467,456,,,10043,137.01
sdom0047,sdom0047K.gn,閉撰敃氪,sdom,15028578,456,,,10047,99.05
sdom0063,sdom0063K.gn,閉撰敃氪,sdom,10672902,456,,,10063,136.01
sdom0073,sdom0073K.gn,閉撰敃氪,sdom,9543791,456,,,10073,85.0
sdom0087,sdom0087K.gn,閉撰敃氪,sdom,4792033,456,,,10087,127.0
sdom0103,sdom0103K.gn,閉撰敃氪,sdom,6640634,456,,,10103,106.0
sdom0107,sdom0107K.gn,閉撰敃氪,sdom,5714948,456,,,10107,134.1
sdom0108,sdom0108K.gn,閉撰敃氪,sdom,3628250,456,,,10108,128.0
sdom0111,sdom0111K.gn,閉撰敃氪,sdom,11501946,456,,,10111,112.0
sdom0115,sdom0115K.gn,閉撰敃氪,sdom,11033287,456,,,10115,90.0
sdom0117,sdom0117K.gn,閉撰敃氪,sdom,5720630,456,,,10117,152.0
sdom0118,sdom0118K.gn,閉撰敃氪,sdom,4782931,456,,,10118,100.02
sdom0129,sdom0129K.gn,閉撰敃氪,sdom,5012989,456,,,10129,95.0
sdom0132,sdom0132K.gn,閉撰敃氪,sdom,13775302,456,,,10132,86.0
sdom0141,sdom0141K.gn,閉撰敃氪,sdom,1337954,456,,,10141,139.98
sdom0142,sdom0142K.gn,閉撰敃氪,sdom,15088148,456,,,10142,170.0
sdom0143,sdom0143K.gn,閉撰敃氪,sdom,11372219,456,,,10143,153.98
sdom0147,sdom0147K.gn,閉撰敃氪,sdom,6186722,456,,,10147,87.0
sdom0151,sdom0151K.gn,閉撰敃氪,sdom,10558863,456,,,10151,97.0
sdom0155,sdom0155K.gn,閉撰敃氪,sdom,7398060,456,,,10155,132.0
sdom0173,sdom0173K.gn,閉撰敃氪,sdom,15967629,456,,,10173,134.01
sdom0175,sdom0175K.gn,閉撰敃氪,sdom,4420452,456,,,10175,130.0
sdom0180,sdom0180K.gn,閉撰敃氪,sdom,3628250,456,,,10180,120.0
sdom0189,sdom0189K.gn,閉撰敃氪,sdom,1044917,456,,,10189,115.0
sdom0191,sdom0191K.gn,閉撰敃氪,sdom,5378792,456,,,10191,150.0
sdom0195,sdom0195K.gn,閉撰敃氪,sdom,12881387,456,,,10195,142.0
sdom0199,sdom0199K.gn,閉撰敃氪,sdom,6726268,456,,,10199,142.0
sdom0215,sdom0215K.gn,閉撰敃氪,sdom,16559437,456,,,10215,110.98
sdom0276,sdom0276K.gn,閉撰敃氪,sdom,9458173,456,,,10276,86.0
sdom0294,sdom0294K.gn,閉撰敃氪,sdom,11602070,456,,,10294,125.0
sdom0295,sdom0295K.gn,閉撰敃氪,sdom,1044917,456,,,10295,120.0
sdom0298,sdom0298K.gn,閉撰敃氪,sdom,11823522,456,,,10298,110.0
sdom0299,sdom0299K.gn,閉撰敃氪,sdom,1044917,456,,,10299,137.0
sdom0301,sdom0301K.gn,閉撰敃氪,sdom,16559437,456,,,10301,132.01
sdom0303,sdom0303K.gn,閉撰敃氪,sdom,935380,456,,,10303,176.0
sdom0313,sdom0313K.gn,閉撰敃氪,sdom,1044917,456,,,10313,152.0
sdom0400,sdom0400K.gn,閉撰敃氪,sdom,5378792,456,,,10400,140.0
sdom0403,sdom0403K.gn,閉撰敃氪,sdom,3628250,456,,,10403,110.0
sdom0408,sdom0408K.gn,閉撰敃氪,sdom,1044917,456,,,10408,158.0
sdom0435,sdom0435K.gn,閉撰敃氪,sdom,9458173,456,,,10435,127.03
sdom0436,sdom0436K.gn,閉撰敃氪,sdom,3628250,456,,,10436,144.58
sdom0441,sdom0441K.gn,閉撰敃氪,sdom,9458173,456,,,10441,139.8
sdom0445,sdom0445K.gn,閉撰敃氪,sdom,16559437,456,,,10445,115.0
sdom0451,sdom0451K.gn,閉撰敃氪,sdom,1044917,456,,,10451,120.0
sdom0452,sdom0452K.gn,閉撰敃氪,sdom,11823522,456,,,10452,162.0
sdom0456,sdom0456K.gn,閉撰敃氪,sdom,13176189,456,,,10456,140.0
sdom0459,sdom0459K.gn,閉撰敃氪,sdom,9458173,456,,,10459,106.0
sdom0460,sdom0460K.gn,閉撰敃氪,sdom,11602070,456,,,10460,144.0
sdom0462,sdom0462K.gn,閉撰敃氪,sdom,7836746,456,,,10462,135.0
sdom0464,sdom0464K.gn,閉撰敃氪,sdom,16559437,456,,,10464,86.0
sdom0471,sdom0471K.gn,閉撰敃氪,sdom,9458173,456,,,10471,126.85
sdom0474,sdom0474K.gn,閉撰敃氪,sdom,5378792,456,,,10474,107.0
sdom0476,sdom0476K.gn,閉撰敃氪,sdom,11823522,456,,,10476,105.24
sdom0477,sdom0477K.gn,閉撰敃氪,sdom,3628250,456,,,10477,146.0
sdom0480,sdom0480K.gn,閉撰敃氪,sdom,16559437,456,,,10480,84.0
sdom0483,sdom0483K.gn,閉撰敃氪,sdom,5378792,456,,,10483,160.0
sdom0485,sdom0485K.gn,閉撰敃氪,sdom,3628250,456,,,10485,103.0
sdom0486,sdom0486K.gn,閉撰敃氪,sdom,11602070,456,,,10486,100.0
sdom0487,sdom0487K.gn,閉撰敃氪,sdom,1044917,456,,,10487,136.0
sdom0488,sdom0488K.gn,閉撰敃氪,sdom,11823522,456,,,10488,113.0
sdom0677,sdom0677K.gn,閉撰敃氪,sdom,9458173,456,,,10677,108.0
sdom0678,sdom0678K.gn,閉撰敃氪,sdom,9458173,456,,,10678,144.0
sdom0679,sdom0679K.gn,閉撰敃氪,sdom,5378792,456,,,10679,112.0
sdom0680,sdom0680K.gn,閉撰敃氪,sdom,3628250,456,,,10680,108.0
sdom0682,sdom0682K.gn,閉撰敃氪,sdom,11602070,456,,,10682,103.0
sdom0683,sdom0683K.gn,閉撰敃氪,sdom,9458173,456,,,10683,113.0
sdom0684,sdom0684K.gn,閉撰敃氪,sdom,1044917,456,,,10684,142.0
sdom0686,sdom0686K.gn,閉撰敃氪,sdom,11823522,456,,,10686,138.0
sdom0687,sdom0687K.gn,閉撰敃氪,sdom,3628250,456,,,10687,94.11
sdom0690,sdom0690K.gn,閉撰敃氪,sdom,5378792,456,,,10690,124.0
sdom0691,sdom0691K.gn,閉撰敃氪,sdom,11602070,456,,,10691,140.0
sdom0692,sdom0692K.gn,閉撰敃氪,sdom,3628250,456,,,10692,143.0
sdom0693,sdom0693K.gn,閉撰敃氪,sdom,935380,456,,,10693,140.0
sdom0694,sdom0694K.gn,閉撰敃氪,sdom,1044917,456,,,10694,145.0
sdom0696,sdom0696K.gn,閉撰敃氪,sdom,16559437,456,,,10696,133.0
sdom0700,sdom0700K.gn,閉撰敃氪,sdom,1044917,456,,,10700,120.0
sdom0704,sdom0704K.gn,閉撰敃氪,sdom,11823522,456,,,10704,116.0
sdom0872,sdom0872K.gn,閉撰敃氪,sdom,9458173,456,,,10872,119.0
sdom0875,sdom0875K.gn,閉撰敃氪,sdom,9458173,456,,,10875,126.0
sdom0880,sdom0880K.gn,閉撰敃氪,sdom,11823522,456,,,10880,126.0
sdom0882,sdom0882K.gn,閉撰敃氪,sdom,935380,456,,,10882,110.0
sdom0887,sdom0887K.gn,閉撰敃氪,sdom,8967522,456,,,10887,100.0
sdom0891,sdom0891K.gn,閉撰敃氪,sdom,14937645,456,,,10891,91.0
sdom0895,sdom0895K.gn,閉撰敃氪,sdom,16559437,456,,,10895,120.0
sdom0898,sdom0898K.gn,閉撰敃氪,sdom,11795152,456,,,10898,115.01
sdom0900,sdom0900K.gn,閉撰敃氪,sdom,9407001,456,,,10900,130.0
sdom0901,sdom0901K.gn,閉撰敃氪,sdom,11141092,456,,,10901,134.0
sdom0905,sdom0905K.gn,閉撰敃氪,sdom,11823522,456,,,10905,114.0
sdom0984,sdom0984K.gn,閉撰敃氪,sdom,10275474,456,,,10984,87.0
sdom0996,sdom0996K.gn,閉撰敃氪,sdom,6271120,456,,,10996,120.0
sdom0998,sdom0998K.gn,閉撰敃氪,sdom,11602070,456,,,10998,137.0
sdom1000,sdom1000K.gn,閉撰敃氪,sdom,14955976,456,,,11000,125.0
sdom1002,sdom1002K.gn,閉撰敃氪,sdom,7751303,456,,,11002,125.01
sdom1005,sdom1005K.gn,閉撰敃氪,sdom,6913807,456,,,11005,139.01
sdom1010,sdom1010K.gn,閉撰敃氪,sdom,9458173,456,,,11010,141.0
sdom1023,sdom1023K.gn,閉撰敃氪,sdom,15342964,456,,,11023,135.0
sdom1056,sdom1056K.gn,閉撰敃氪,sdom,6913807,456,,,11056,140.0
sdom1062,sdom1062K.gn,閉撰敃氪,sdom,16559437,456,,,11062,120.0
sdom1069,sdom1069K.gn,閉撰敃氪,sdom,14014092,456,,,11069,155.0
sdom1070,sdom1070K.gn,閉撰敃氪,sdom,9458173,456,,,11070,132.0
sdom1083,sdom1083K.gn,閉撰敃氪,sdom,9458173,456,,,11083,123.0
sdom1084,sdom1084K.gn,閉撰敃氪,sdom,11602070,456,,,11084,125.0
sdom1085,sdom1085K.gn,閉撰敃氪,sdom,14955976,456,,,11085,135.0
sdom1099,sdom1099K.gn,閉撰敃氪,sdom,9458173,456,,,11099,142.01
sdom1105,sdom1105K.gn,閉撰敃氪,sdom,13740203,456,,,11105,94.02
sdom1106,sdom1106K.gn,閉撰敃氪,sdom,8967522,456,,,11106,126.0
sdom1116,sdom1116K.gn,閉撰敃氪,sdom,16559437,456,,,11116,146.0
sdom1117,sdom1117K.gn,閉撰敃氪,sdom,11602070,456,,,11117,127.9
sdom1118,sdom1118K.gn,閉撰敃氪,sdom,223976,456,,,11118,152.03
sdom1120,sdom1120K.gn,閉撰敃氪,sdom,13403338,456,,,11120,117.0
sdom1169,sdom1169K.gn,閉撰敃氪,sdom,9458173,456,,,11169,137.0
sdom1173,sdom1173K.gn,閉撰敃氪,sdom,9458173,456,,,11173,130.0
sdom1181,sdom1181K.gn,閉撰敃氪,sdom,16559437,456,,,11181,130.0
sdom1182,sdom1182K.gn,閉撰敃氪,sdom,223976,456,,,11182,127.0
sdom1183,sdom1183K.gn,閉撰敃氪,sdom,6913807,456,,,11183,130.0
sdom1188,sdom1188K.gn,閉撰敃氪,sdom,11602070,456,,,11188,130.0
sdom1194,sdom1194K.gn,閉撰敃氪,sdom,223976,456,,,11194,134.0
sdom1197,sdom1197K.gn,閉撰敃氪,sdom,10275474,456,,,11197,134.0
sdom1220,sdom1220K.gn,閉撰敃氪,sdom,6913807,456,,,11220,170.0
sdom1221,sdom1221K.gn,閉撰敃氪,sdom,9458173,456,,,11221,200.02
sdom1222,sdom1222K.gn,閉撰敃氪,sdom,11602070,456,,,11222,173.0
sdom1223,sdom1223K.gn,閉撰敃氪,sdom,14955976,456,,,11223,160.0
sdom1228,sdom1228K.gn,閉撰敃氪,sdom,13403338,456,,,11228,136.0
sdom1229,sdom1229K.gn,閉撰敃氪,sdom,11602070,456,,,11229,146.0
sdom1231,sdom1231K.gn,閉撰敃氪,sdom,14937645,456,,,11231,117.0
sdom1232,sdom1232K.gn,閉撰敃氪,sdom,6913807,456,,,11232,160.08
sdom1233,sdom1233K.gn,閉撰敃氪,sdom,11602070,456,,,11233,135.01
sdom1234,sdom1234K.gn,閉撰敃氪,sdom,7935477,456,,,11234,150.0
sdom1235,sdom1235K.gn,閉撰敃氪,sdom,16559437,456,,,11235,128.0
sdom1237,sdom1237K.gn,閉撰敃氪,sdom,7751303,456,,,11237,148.0
sdom1285,sdom1285K.gn,閉撰敃氪,sdom,16559437,456,,,11285,155.0
sdom1293,sdom1293K.gn,閉撰敃氪,sdom,11602070,456,,,11293,120.0
sdom1296,sdom1296K.gn,閉撰敃氪,sdom,223976,456,,,11296,128.0
sdom1298,sdom1298K.gn,閉撰敃氪,sdom,13403338,456,,,11298,160.0
sdom1306,sdom1306K.gn,閉撰敃氪,sdom,13403338,456,,,11306,130.0
sdom1309,sdom1309K.gn,閉撰敃氪,sdom,11602070,456,,,11309,122.0
sdom1352,sdom1352K.gn,閉撰敃氪,sdom,736269,456,,,11352,144.0
sdom1357,sdom1357K.gn,閉撰敃氪,sdom,9458173,456,,,11357,118.0
sdom1358,sdom1358K.gn,閉撰敃氪,sdom,16559437,456,,,11358,118.0
sdom1361,sdom1361K.gn,閉撰敃氪,sdom,736269,456,,,11361,104.0
sdom1363,sdom1363K.gn,閉撰敃氪,sdom,1044917,456,,,11363,130.0
sdom1408,sdom1408K.gn,閉撰敃氪,sdom,9458173,456,,,11408,133.0
sdom1410,sdom1410K.gn,閉撰敃氪,sdom,1044917,456,,,11410,160.0
sdom1415,sdom1415K.gn,閉撰敃氪,sdom,4675663,456,,,11415,130.0
sdom1417,sdom1417K.gn,閉撰敃氪,sdom,6271120,456,,,11417,103.0
sdom1422,sdom1422K.gn,閉撰敃氪,sdom,6964435,456,,,11422,129.0
sdom1425,sdom1425K.gn,閉撰敃氪,sdom,4675663,456,,,11425,135.0
sdom1427,sdom1427K.gn,閉撰敃氪,sdom,6913807,456,,,11427,126.0
sdom1428,sdom1428K.gn,閉撰敃氪,sdom,3628250,456,,,11428,142.0
sdom1430,sdom1430K.gn,閉撰敃氪,sdom,16559437,456,,,11430,120.0
sdom1431,sdom1431K.gn,閉撰敃氪,sdom,11602070,456,,,11431,140.0
sdom1433,sdom1433K.gn,閉撰敃氪,sdom,11823522,456,,,11433,135.0
sdom1435,sdom1435K.gn,閉撰敃氪,sdom,935380,456,,,11435,101.0
sdom1438,sdom1438K.gn,閉撰敃氪,sdom,15342964,456,,,11438,134.0
sdom1441,sdom1441K.gn,閉撰敃氪,sdom,1044917,456,,,11441,130.0
sdom1442,sdom1442K.gn,閉撰敃氪,sdom,1044917,456,,,11442,125.0
sdom1445,sdom1445K.gn,閉撰敃氪,sdom,9458173,456,,,11445,171.0
sdom1446,sdom1446K.gn,閉撰敃氪,sdom,14955976,456,,,11446,132.0
sdom1470,sdom1470K.gn,閉撰敃氪,sdom,5378792,456,,,11470,121.0
sdom1471,sdom1471K.gn,閉撰敃氪,sdom,6913807,456,,,11471,135.0
sdom1472,sdom1472K.gn,閉撰敃氪,sdom,3628250,456,,,11472,146.0
sdom1473,sdom1473K.gn,閉撰敃氪,sdom,6964435,456,,,11473,120.0
sdom1474,sdom1474K.gn,閉撰敃氪,sdom,11602070,456,,,11474,177.0
sdom1477,sdom1477K.gn,閉撰敃氪,sdom,16559437,456,,,11477,130.0
sdom1479,sdom1479K.gn,閉撰敃氪,sdom,9458173,456,,,11479,126.0
sdom1480,sdom1480K.gn,閉撰敃氪,sdom,9458173,456,,,11480,177.58
sdom1501,sdom1501K.gn,閉撰敃氪,sdom,3628250,456,,,11501,89.0
sdom1503,sdom1503K.gn,閉撰敃氪,sdom,1044917,456,,,11503,60.0
sdom1534,sdom1534K.gn,閉撰敃氪,sdom,9458173,456,,,11534,94.5
sdom1546,sdom1546K.gn,閉撰敃氪,sdom,9458173,456,,,11546,125.0
sdom1547,sdom1547K.gn,閉撰敃氪,sdom,9458173,456,,,11547,148.0
sdom1551,sdom1551K.gn,閉撰敃氪,sdom,9458173,456,,,11551,105.0
sdom1552,sdom1552K.gn,閉撰敃氪,sdom,9458173,456,,,11552,185.0
sdom1553,sdom1553K.gn,閉撰敃氪,sdom,9458173,456,,,11553,160.0
sdom1554,sdom1554K.gn,閉撰敃氪,sdom,9458173,456,,,11554,149.0
sdom1555,sdom1555K.gn,閉撰敃氪,sdom,9458173,456,,,11555,160.0
sdom1557,sdom1557K.gn,閉撰敃氪,sdom,16559437,456,,,11557,160.0
sdom1560,sdom1560K.gn,閉撰敃氪,sdom,9458173,456,,,11560,120.0
sdom1561,sdom1561K.gn,閉撰敃氪,sdom,9458173,456,,,11561,94.0
sdom1562,sdom1562K.gn,閉撰敃氪,sdom,9458173,456,,,11562,100.0
sdom1563,sdom1563K.gn,閉撰敃氪,sdom,3628250,456,,,11563,127.0
sdom1564,sdom1564K.gn,閉撰敃氪,sdom,9458173,456,,,11564,130.0
sdom1565,sdom1565K.gn,閉撰敃氪,sdom,736269,456,,,11565,168.0
sdom1566,sdom1566K.gn,閉撰敃氪,sdom,6964435,456,,,11566,160.0
sdom1567,sdom1567K.gn,閉撰敃氪,sdom,9458173,456,,,11567,115.0
sdom1568,sdom1568K.gn,閉撰敃氪,sdom,9458173,456,,,11568,125.0
sdom1572,sdom1572K.gn,閉撰敃氪,sdom,9458173,456,,,11572,130.0
sdom1573,sdom1573K.gn,閉撰敃氪,sdom,9458173,456,,,11573,94.4
sdom1574,sdom1574K.gn,閉撰敃氪,sdom,3628250,456,,,11574,174.0
sdom1575,sdom1575K.gn,閉撰敃氪,sdom,7836746,456,,,11575,120.0
sdom1579,sdom1579K.gn,閉撰敃氪,sdom,9458173,456,,,11579,116.0
sdom1581,sdom1581K.gn,閉撰敃氪,sdom,3628250,456,,,11581,117.0
sdom1613,sdom1613K.gn,閉撰敃氪,sdom,9458173,456,,,11613,125.0
sdom1614,sdom1614K.gn,閉撰敃氪,sdom,1044917,456,,,11614,125.4
sdom1615,sdom1615K.gn,閉撰敃氪,sdom,9458173,456,,,11615,85.0
sdom1617,sdom1617K.gn,閉撰敃氪,sdom,1044917,456,,,11617,126.6
sdom1618,sdom1618K.gn,閉撰敃氪,sdom,16559437,456,,,11618,120.0
sdom1623,sdom1623K.gn,閉撰敃氪,sdom,9458173,456,,,11623,125.0
sdom1624,sdom1624K.gn,閉撰敃氪,sdom,3628250,456,,,11624,122.0
sdom1625,sdom1625K.gn,閉撰敃氪,sdom,8967522,456,,,11625,119.0
sdom1626,sdom1626K.gn,閉撰敃氪,sdom,10275474,456,,,11626,120.0
sdom1627,sdom1627K.gn,閉撰敃氪,sdom,9458173,456,,,11627,126.0
sdom1632,sdom1632K.gn,閉撰敃氪,sdom,9458173,456,,,11632,130.0
sdom1685,sdom1685K.gn,閉撰敃氪,sdom,11049386,456,,,11685,126.0
sdom1686,sdom1686K.gn,閉撰敃氪,sdom,10989279,456,,,11686,130.0
sdom1688,sdom1688K.gn,閉撰敃氪,sdom,1044917,456,,,11688,125.0
sdom1689,sdom1689K.gn,閉撰敃氪,sdom,736269,456,,,11689,110.0
sdom1693,sdom1693K.gn,閉撰敃氪,sdom,7836746,456,,,11693,120.0
sdom1698,sdom1698K.gn,閉撰敃氪,sdom,1044917,456,,,11698,146.0
sdom1699,sdom1699K.gn,閉撰敃氪,sdom,736269,456,,,11699,132.0
sdom1700,sdom1700K.gn,閉撰敃氪,sdom,10275474,456,,,11700,130.0
sdom1703,sdom1703K.gn,閉撰敃氪,sdom,7836746,456,,,11703,120.0
sdom1704,sdom1704K.gn,閉撰敃氪,sdom,5194969,456,,,11704,140.0
sdom1705,sdom1705K.gn,閉撰敃氪,sdom,736269,456,,,11705,128.0
sdom1706,sdom1706K.gn,閉撰敃氪,sdom,7836746,456,,,11706,120.0
sdom1708,sdom1708K.gn,閉撰敃氪,sdom,9458173,456,,,11708,122.0
sdom1709,sdom1709K.gn,閉撰敃氪,sdom,9458173,456,,,11709,123.99
sdom1731,sdom1731K.gn,閉撰敃氪,sdom,9204615,456,,,11731,132.0
sdom1737,sdom1737K.gn,閉撰敃氪,sdom,736269,456,,,11737,126.0
sdom1738,sdom1738K.gn,閉撰敃氪,sdom,10275474,456,,,11738,125.0
sdom1739,sdom1739K.gn,閉撰敃氪,sdom,5194969,456,,,11739,123.0
sdom1740,sdom1740K.gn,閉撰敃氪,sdom,11049386,456,,,11740,128.0
sdom1741,sdom1741K.gn,閉撰敃氪,sdom,5483023,456,,,11741,122.0
sdom1742,sdom1742K.gn,閉撰敃氪,sdom,5771106,456,,,11742,126.0
sdom1743,sdom1743K.gn,閉撰敃氪,sdom,9522622,456,,,11743,128.0
sdom1746,sdom1746K.gn,閉撰敃氪,sdom,14909828,456,,,11746,111.0
sdom1772,sdom1772K.gn,閉撰敃氪,sdom,9458173,456,,,11772,120.0
sdom1773,sdom1773K.gn,閉撰敃氪,sdom,3628250,456,,,11773,122.0
sdom1775,sdom1775K.gn,閉撰敃氪,sdom,16559437,456,,,11775,115.0
sdom1779,sdom1779K.gn,閉撰敃氪,sdom,4675663,456,,,11779,126.0
sdom1783,sdom1783K.gn,閉撰敃氪,sdom,3628250,456,,,11783,122.0
sdom1784,sdom1784K.gn,閉撰敃氪,sdom,1044917,456,,,11784,140.0
sdom1792,sdom1792K.gn,閉撰敃氪,sdom,736269,456,,,11792,130.0
sdom1793,sdom1793K.gn,閉撰敃氪,sdom,1044917,456,,,11793,123.0
sdom1794,sdom1794K.gn,閉撰敃氪,sdom,16559437,456,,,11794,112.0
sdom1795,sdom1795K.gn,閉撰敃氪,sdom,736269,456,,,11795,130.0
sdom1797,sdom1797K.gn,閉撰敃氪,sdom,10275474,456,,,11797,120.0
sdom1799,sdom1799K.gn,閉撰敃氪,sdom,7836746,456,,,11799,115.0
sdom1800,sdom1800K.gn,閉撰敃氪,sdom,6271120,456,,,11800,125.0
sdom1801,sdom1801K.gn,閉撰敃氪,sdom,5194969,456,,,11801,131.0
sdom1817,sdom1817K.gn,閉撰敃氪,sdom,14955976,456,,,11817,165.0
sdom1820,sdom1820K.gn,閉撰敃氪,sdom,15342964,456,,,11820,140.0
sdom1827,sdom1827K.gn,閉撰敃氪,sdom,14014092,456,,,11827,128.0
sdom1828,sdom1828K.gn,閉撰敃氪,sdom,5277227,456,,,11828,102.0
sdom1830,sdom1830K.gn,閉撰敃氪,sdom,14701905,456,,,11830,125.0
sdom1833,sdom1833K.gn,閉撰敃氪,sdom,10275474,456,,,11833,190.0
sdom1834,sdom1834K.gn,閉撰敃氪,sdom,12571193,456,,,11834,131.0
sdom1835,sdom1835K.gn,閉撰敃氪,sdom,14014092,456,,,11835,127.0
sdom1836,sdom1836K.gn,閉撰敃氪,sdom,12306824,456,,,11836,136.0
sdom1837,sdom1837K.gn,閉撰敃氪,sdom,773710,456,,,11837,128.0
sdom1838,sdom1838K.gn,閉撰敃氪,sdom,14517935,456,,,11838,148.0
sdom1839,sdom1839K.gn,閉撰敃氪,sdom,5277227,456,,,11839,119.0
sdom1841,sdom1841K.gn,閉撰敃氪,sdom,16699610,456,,,11841,120.0
sdom1843,sdom1843K.gn,閉撰敃氪,sdom,5482296,456,,,11843,118.0
sdom1844,sdom1844K.gn,閉撰敃氪,sdom,4273513,456,,,11844,97.0
sdom1846,sdom1846K.gn,閉撰敃氪,sdom,1523048,456,,,11846,127.0
sdom1847,sdom1847K.gn,閉撰敃氪,sdom,9458173,456,,,11847,132.0
sdom1848,sdom1848K.gn,閉撰敃氪,sdom,7836746,456,,,11848,125.0
sdom1849,sdom1849K.gn,閉撰敃氪,sdom,1044917,456,,,11849,105.0
sdom1851,sdom1851K.gn,閉撰敃氪,sdom,736269,456,,,11851,127.0
sdom1852,sdom1852K.gn,閉撰敃氪,sdom,9458173,456,,,11852,142.0
sdom1853,sdom1853K.gn,閉撰敃氪,sdom,14955976,456,,,11853,132.0
sdom1854,sdom1854K.gn,閉撰敃氪,sdom,5378792,456,,,11854,144.0
sdom1855,sdom1855K.gn,閉撰敃氪,sdom,16559437,456,,,11855,180.0
sdom1856,sdom1856K.gn,閉撰敃氪,sdom,6271120,456,,,11856,120.0
sdom1857,sdom1857K.gn,閉撰敃氪,sdom,6913807,456,,,11857,160.0
sdom1858,sdom1858K.gn,閉撰敃氪,sdom,3628250,456,,,11858,134.0
sdom1859,sdom1859K.gn,閉撰敃氪,sdom,11049386,456,,,11859,119.0
sdom1860,sdom1860K.gn,閉撰敃氪,sdom,6964435,456,,,11860,139.0
sdom1861,sdom1861K.gn,閉撰敃氪,sdom,11602070,456,,,11861,170.0
sdom1862,sdom1862K.gn,閉撰敃氪,sdom,6694286,456,,,11862,124.0
sdom1863,sdom1863K.gn,閉撰敃氪,sdom,15342964,456,,,11863,180.0
sdom1864,sdom1864K.gn,閉撰敃氪,sdom,4909725,456,,,11864,163.0
sdom1865,sdom1865K.gn,閉撰敃氪,sdom,14231298,456,,,11865,140.0
sdom1866,sdom1866K.gn,閉撰敃氪,sdom,6427808,456,,,11866,144.83
sdom1867,sdom1867K.gn,閉撰敃氪,sdom,16174732,456,,,11867,164.0
sdom1871,sdom1871K.gn,閉撰敃氪,sdom,1140331,456,,,11871,126.0
sdom1873,sdom1873K.gn,閉撰敃氪,sdom,1044917,456,,,11873,102.0
sdom1887,sdom1887K.gn,閉撰敃氪,sdom,9458173,456,,,11887,117.04
sdom1888,sdom1888K.gn,閉撰敃氪,sdom,3628250,456,,,11888,138.83
sdom1889,sdom1889K.gn,閉撰敃氪,sdom,1044917,456,,,11889,118.22
sdom1890,sdom1890K.gn,閉撰敃氪,sdom,16559437,456,,,11890,113.0
sdom1891,sdom1891K.gn,閉撰敃氪,sdom,736269,456,,,11891,117.04
sdom1892,sdom1892K.gn,閉撰敃氪,sdom,8967522,456,,,11892,140.0
sdom1894,sdom1894K.gn,閉撰敃氪,sdom,4675663,456,,,11894,138.0
sdom1895,sdom1895K.gn,閉撰敃氪,sdom,7836746,456,,,11895,123.0
sdom1896,sdom1896K.gn,閉撰敃氪,sdom,6271120,456,,,11896,130.0
sdom1897,sdom1897K.gn,閉撰敃氪,sdom,5194969,456,,,11897,106.53
sdom1898,sdom1898K.gn,閉撰敃氪,sdom,11565634,456,,,11898,140.0
sdom1899,sdom1899K.gn,閉撰敃氪,sdom,11049386,456,,,11899,135.0
sdom1900,sdom1900K.gn,閉撰敃氪,sdom,14701905,456,,,11900,99.5
sdom1901,sdom1901K.gn,閉撰敃氪,sdom,9458173,456,,,11901,130.0
sdom1902,sdom1902K.gn,閉撰敃氪,sdom,6694286,456,,,11902,141.0
sdom1903,sdom1903K.gn,閉撰敃氪,sdom,7497427,456,,,11903,120.29
sdom1904,sdom1904K.gn,閉撰敃氪,sdom,9458173,456,,,11904,160.0
sdom1905,sdom1905K.gn,閉撰敃氪,sdom,7238537,456,,,11905,107.0
sdom1906,sdom1906K.gn,閉撰敃氪,sdom,9458173,456,,,11906,109.0
sdom1907,sdom1907K.gn,閉撰敃氪,sdom,14909828,456,,,11907,140.0
sdom1908,sdom1908K.gn,閉撰敃氪,sdom,1044917,456,,,11908,120.0
sdom1914,sdom1914K.gn,閉撰敃氪,sdom,7799440,456,,,11914,158.0
sdom1915,sdom1915K.gn,閉撰敃氪,sdom,10275474,456,,,11915,120.0
sdom1916,sdom1916K.gn,閉撰敃氪,sdom,9175850,456,,,11916,76.0
sdom1917,sdom1917K.gn,閉撰敃氪,sdom,9458173,456,,,11917,125.0
sdom1918,sdom1918K.gn,閉撰敃氪,sdom,3628250,456,,,11918,142.0
sdom1919,sdom1919K.gn,閉撰敃氪,sdom,1044917,456,,,11919,132.06
sdom1920,sdom1920K.gn,閉撰敃氪,sdom,5378792,456,,,11920,96.05
sdom1921,sdom1921K.gn,閉撰敃氪,sdom,736269,456,,,11921,124.01
sdom1922,sdom1922K.gn,閉撰敃氪,sdom,8967522,456,,,11922,129.98
sdom1923,sdom1923K.gn,閉撰敃氪,sdom,10275474,456,,,11923,200.0
sdom1924,sdom1924K.gn,閉撰敃氪,sdom,9458173,456,,,11924,120.0
sdom1925,sdom1925K.gn,閉撰敃氪,sdom,3628250,456,,,11925,120.0
sdom1926,sdom1926K.gn,閉撰敃氪,sdom,9458173,456,,,11926,140.0
sdom1927,sdom1927K.gn,閉撰敃氪,sdom,1044917,456,,,11927,105.0
sdom1928,sdom1928K.gn,閉撰敃氪,sdom,16559437,456,,,11928,80.08
sdom1929,sdom1929K.gn,閉撰敃氪,sdom,736269,456,,,11929,130.0
sdom1930,sdom1930K.gn,閉撰敃氪,sdom,8967522,456,,,11930,125.0
sdom1931,sdom1931K.gn,閉撰敃氪,sdom,10275474,456,,,11931,140.0
sdom1932,sdom1932K.gn,閉撰敃氪,sdom,4675663,456,,,11932,123.0
sdom1933,sdom1933K.gn,閉撰敃氪,sdom,7836746,456,,,11933,130.42
sdom1934,sdom1934K.gn,閉撰敃氪,sdom,6271120,456,,,11934,165.0
sdom1935,sdom1935K.gn,閉撰敃氪,sdom,3628250,456,,,11935,160.0
sdom1936,sdom1936K.gn,閉撰敃氪,sdom,1044917,456,,,11936,124.0
sdom1937,sdom1937K.gn,閉撰敃氪,sdom,16559437,456,,,11937,126.0
sdom1938,sdom1938K.gn,閉撰敃氪,sdom,736269,456,,,11938,141.0
sdom1939,sdom1939K.gn,閉撰敃氪,sdom,8967522,456,,,11939,120.0
sdom1940,sdom1940K.gn,閉撰敃氪,sdom,10275474,456,,,11940,123.0
sdom1941,sdom1941K.gn,閉撰敃氪,sdom,4675663,456,,,11941,127.0
sdom1942,sdom1942K.gn,閉撰敃氪,sdom,7836746,456,,,11942,138.0
sdom1943,sdom1943K.gn,閉撰敃氪,sdom,6271120,456,,,11943,144.0
sdom1944,sdom1944K.gn,閉撰敃氪,sdom,5194969,456,,,11944,134.0
sdom1945,sdom1945K.gn,閉撰敃氪,sdom,11565634,456,,,11945,120.0
sdom1946,sdom1946K.gn,閉撰敃氪,sdom,11049386,456,,,11946,115.0
sdom1987,sdom1987K.gn,閉撰敃氪,sdom,9458173,456,,,11987,100.0
sdom1988,sdom1988K.gn,閉撰敃氪,sdom,9458173,456,,,11988,140.0
sdom1989,sdom1989K.gn,閉撰敃氪,sdom,3628250,456,,,11989,122.0
sdom1990,sdom1990K.gn,閉撰敃氪,sdom,1044917,456,,,11990,160.0
sdom1991,sdom1991K.gn,閉撰敃氪,sdom,16559437,456,,,11991,136.0
sdom1992,sdom1992K.gn,閉撰敃氪,sdom,736269,456,,,11992,110.0
sdom1993,sdom1993K.gn,閉撰敃氪,sdom,8967522,456,,,11993,147.04
sdom1994,sdom1994K.gn,閉撰敃氪,sdom,10275474,456,,,11994,185.0
sdom1995,sdom1995K.gn,閉撰敃氪,sdom,3628250,456,,,11995,130.0
sdom1996,sdom1996K.gn,閉撰敃氪,sdom,1044917,456,,,11996,133.0
sdom1997,sdom1997K.gn,閉撰敃氪,sdom,16559437,456,,,11997,135.0
sdom1998,sdom1998K.gn,閉撰敃氪,sdom,736269,456,,,11998,125.5
sdom1999,sdom1999K.gn,閉撰敃氪,sdom,8967522,456,,,11999,125.0
sdom2000,sdom2000K.gn,閉撰敃氪,sdom,10275474,456,,,12000,130.0
sdom2001,sdom2001K.gn,閉撰敃氪,sdom,4675663,456,,,12001,123.0
sdom2002,sdom2002K.gn,閉撰敃氪,sdom,7836746,456,,,12002,192.0
sdom2003,sdom2003K.gn,閉撰敃氪,sdom,6271120,456,,,12003,118.0
sdom2004,sdom2004K.gn,閉撰敃氪,sdom,9458173,456,,,12004,87.0
sdom2005,sdom2005K.gn,閉撰敃氪,sdom,3628250,456,,,12005,150.0
sdom2006,sdom2006K.gn,閉撰敃氪,sdom,1044917,456,,,12006,68.0
sdom2007,sdom2007K.gn,閉撰敃氪,sdom,16559437,456,,,12007,129.0
sdom2008,sdom2008K.gn,閉撰敃氪,sdom,736269,456,,,12008,125.0
sdom2009,sdom2009K.gn,閉撰敃氪,sdom,8967522,456,,,12009,125.0
sdom2010,sdom2010K.gn,閉撰敃氪,sdom,10275474,456,,,12010,144.0
sdom2011,sdom2011K.gn,閉撰敃氪,sdom,4675663,456,,,12011,122.0
sdom2012,sdom2012K.gn,閉撰敃氪,sdom,7836746,456,,,12012,142.0
sdom2013,sdom2013K.gn,閉撰敃氪,sdom,6271120,456,,,12013,102.0
sdom2014,sdom2014K.gn,閉撰敃氪,sdom,5194969,456,,,12014,112.0
sdom2015,sdom2015K.gn,閉撰敃氪,sdom,11565634,456,,,12015,150.0
sdom2016,sdom2016K.gn,閉撰敃氪,sdom,11049386,456,,,12016,110.0
sdom2017,sdom2017K.gn,閉撰敃氪,sdom,14701905,456,,,12017,102.0
sdom2018,sdom2018K.gn,閉撰敃氪,sdom,9458173,456,,,12018,170.0
sdom2019,sdom2019K.gn,閉撰敃氪,sdom,3628250,456,,,12019,128.0
sdom2020,sdom2020K.gn,閉撰敃氪,sdom,1044917,456,,,12020,95.0
sdom2021,sdom2021K.gn,閉撰敃氪,sdom,16559437,456,,,12021,126.0
sdom2022,sdom2022K.gn,閉撰敃氪,sdom,736269,456,,,12022,94.0
sdom2023,sdom2023k.gn,閉撰敃氪,sdom,9458173,456,,,12023,64.0
sdom2024,sdom2024K.gn,閉撰敃氪,sdom,10275474,456,,,12024,136.0
sdom2025,sdom2025K.gn,閉撰敃氪,sdom,4675663,456,,,12025,125.0
sdom2026,sdom2026K.gn,閉撰敃氪,sdom,7836746,456,,,12026,121.0
sdom2027,sdom2027K.gn,閉撰敃氪,sdom,6271120,456,,,12027,134.0
sdom2028,sdom2028K.gn,閉撰敃氪,sdom,5194969,456,,,12028,81.0
sdom2029,sdom2029K.gn,閉撰敃氪,sdom,9458173,456,,,12029,122.0
sdom2030,sdom2030K.gn,閉撰敃氪,sdom,9458173,456,,,12030,128.0
sdom2031,sdom2031K.gn,閉撰敃氪,sdom,3628250,456,,,12031,178.0
sdom2032,sdom2032K.gn,閉撰敃氪,sdom,1044917,456,,,12032,116.0
sdom2033,sdom2033K.gn,閉撰敃氪,sdom,16559437,456,,,12033,132.0
sdom2034,sdom2034K.gn,閉撰敃氪,sdom,736269,456,,,12034,128.0
sdom2035,sdom2035K.gn,閉撰敃氪,sdom,8967522,456,,,12035,92.0
sdom2036,sdom2036K.gn,閉撰敃氪,sdom,10275474,456,,,12036,113.0
sdom2037,sdom2037K.gn,閉撰敃氪,sdom,4675663,456,,,12037,140.0
sdom2038,sdom2038K.gn,閉撰敃氪,sdom,7836746,456,,,12038,145.0
sdom2039,sdom2039K.gn,閉撰敃氪,sdom,3628250,456,,,12039,145.0
sdom2040,sdom2040K.gn,閉撰敃氪,sdom,1044917,456,,,12040,97.0
sdom2041,sdom2041K.gn,閉撰敃氪,sdom,16559437,456,,,12041,108.0
sdom2042,sdom2042K.gn,閉撰敃氪,sdom,736269,456,,,12042,128.0
sdom2043,sdom2043K.gn,閉撰敃氪,sdom,8967522,456,,,12043,102.0
sdom2044,sdom2044K.gn,閉撰敃氪,sdom,10275474,456,,,12044,86.0
sdom2045,sdom2045K.gn,閉撰敃氪,sdom,4675663,456,,,12045,93.0
sdom2046,sdom2046K.gn,閉撰敃氪,sdom,7836746,456,,,12046,105.0
sdom2047,sdom2047K.gn,閉撰敃氪,sdom,6271120,456,,,12047,101.0
sdom2050,sdom2050K.gn,閉撰敃氪,sdom,9458173,456,,,12050,132.0
sdom2051,sdom2051K.gn,閉撰敃氪,sdom,3628250,456,,,12051,124.0
sdom2052,sdom2052K.gn,閉撰敃氪,sdom,1044917,456,,,12052,136.0
sdom2053,sdom2053K.gn,閉撰敃氪,sdom,16559437,456,,,12053,160.0
sdom2054,sdom2054K.gn,閉撰敃氪,sdom,736269,456,,,12054,162.97
sdom2055,sdom2055K.gn,閉撰敃氪,sdom,8967522,456,,,12055,135.0
sdom2056,sdom2056K.gn,閉撰敃氪,sdom,10275474,456,,,12056,105.0
sdom2057,sdom2057K.gn,閉撰敃氪,sdom,4675663,456,,,12057,65.0
sdom2058,sdom2058K.gn,閉撰敃氪,sdom,9458173,456,,,12058,80.0
sdom2059,sdom2059K.gn,閉撰敃氪,sdom,3628250,456,,,12059,68.0
sdom2060,sdom2060K.gn,閉撰敃氪,sdom,1044917,456,,,12060,98.0
sdom2061,sdom2061K.gn,閉撰敃氪,sdom,9458173,456,,,12061,185.0
sdom2062,sdom2062K.gn,閉撰敃氪,sdom,16559437,456,,,12062,80.1
sdom2063,sdom2063K.gn,閉撰敃氪,sdom,736269,456,,,12063,113.0
sdom2064,sdom2064K.gn,閉撰敃氪,sdom,8967522,456,,,12064,120.0
sdom2065,sdom2065K.gn,閉撰敃氪,sdom,10275474,456,,,12065,115.0
sdom2066,sdom2066K.gn,閉撰敃氪,sdom,3628250,456,,,12066,132.28
sdom2067,sdom2067K.gn,閉撰敃氪,sdom,1044917,456,,,12067,90.0
sdom2068,sdom2068K.gn,閉撰敃氪,sdom,16559437,456,,,12068,170.0
sdom2069,sdom2069K.gn,閉撰敃氪,sdom,736269,456,,,12069,147.0
sdom2070,sdom2070K.gn,閉撰敃氪,sdom,8967522,456,,,12070,165.0
sdom2071,sdom2071K.gn,閉撰敃氪,sdom,10275474,456,,,12071,90.4
sdom2072,sdom2072K.gn,閉撰敃氪,sdom,4675663,456,,,12072,240.0
sdom2073,sdom2073K.gn,閉撰敃氪,sdom,7836746,456,,,12073,170.0
sdom2074,sdom2074K.gn,閉撰敃氪,sdom,6271120,456,,,12074,140.1
sdom2075,sdom2075K.gn,閉撰敃氪,sdom,5194969,456,,,12075,155.0
sdom2076,sdom2076K.gn,閉撰敃氪,sdom,11565634,456,,,12076,170.2
sdom2077,sdom2077K.gn,閉撰敃氪,sdom,11049386,456,,,12077,185.0
sdom2078,sdom2078K.gn,閉撰敃氪,sdom,14701905,456,,,12078,142.0
sdom2079,sdom2079K.gn,閉撰敃氪,sdom,10989279,456,,,12079,168.0
sdom2090,sdom2090K.gn,閉撰敃氪,sdom,9458173,456,,,12090,143.0
sdom2091,sdom2091K.gn,閉撰敃氪,sdom,9458173,456,,,12091,65.0
sdom2092,sdom2092K.gn,閉撰敃氪,sdom,3628250,456,,,12092,120.0
sdom2093,sdom2093K.gn,閉撰敃氪,sdom,9458173,456,,,12093,67.0
sdom2094,sdom2094K.gn,閉撰敃氪,sdom,9458173,456,,,12094,170.0
sdom2095,sdom2095K.gn,閉撰敃氪,sdom,3628250,456,,,12095,85.0
sdom2096,sdom2096K.gn,閉撰敃氪,sdom,1044917,456,,,12096,70.0
sdom2097,sdom2097K.gn,閉撰敃氪,sdom,9458173,456,,,12097,120.0
sdom2098,sdom2098K.gn,閉撰敃氪,sdom,1044917,456,,,12098,76.0
sdom2099,sdom2099K.gn,閉撰敃氪,sdom,16559437,456,,,12099,89.0
sdom2100,sdom2100K.gn,閉撰敃氪,sdom,3628250,456,,,12100,100.0
sdom2101,sdom2101K.gn,閉撰敃氪,sdom,9458173,456,,,12101,127.5
sdom2102,sdom2102K.gn,閉撰敃氪,sdom,3628250,456,,,12102,134.0
sdom2103,sdom2103K.gn,閉撰敃氪,sdom,1044917,456,,,12103,87.5
sdom2104,sdom2104K.gn,閉撰敃氪,sdom,1044917,456,,,12104,128.0
sdom2105,sdom2105K.gn,閉撰敃氪,sdom,16559437,456,,,12105,123.0
sdom2106,sdom2106K.gn,閉撰敃氪,sdom,9458173,456,,,12106,128.0
sdom2107,sdom2107K.gn,閉撰敃氪,sdom,3628250,456,,,12107,131.0
sdom2108,sdom2108K.gn,閉撰敃氪,sdom,3628250,456,,,12108,140.0
sdom2109,sdom2109K.gn,閉撰敃氪,sdom,9458173,456,,,12109,127.0
sdom2110,sdom2110K.gn,閉撰敃氪,sdom,9458173,456,,,12110,105.0
sdom2111,sdom2111K.gn,閉撰敃氪,sdom,9458173,456,,,12111,120.0
sdom2112,sdom2112K.gn,閉撰敃氪,sdom,3628250,456,,,12112,162.0
sdom2113,sdom2113K.gn,閉撰敃氪,sdom,9458173,456,,,12113,85.0
sdom2114,sdom2114K.gn,閉撰敃氪,sdom,9458173,456,,,12114,72.0
sdom2115,sdom2115K.gn,閉撰敃氪,sdom,1044917,456,,,12115,100.0
sdom2116,sdom2116K.gn,閉撰敃氪,sdom,16559437,456,,,12116,116.0
sdom2117,sdom2117K.gn,閉撰敃氪,sdom,1044917,456,,,12117,122.0
sdom2118,sdom2118K.gn,閉撰敃氪,sdom,16559437,456,,,12118,130.0
sdom2119,sdom2119K.gn,閉撰敃氪,sdom,9458173,456,,,12119,120.0
sdom2120,sdom2120K.gn,閉撰敃氪,sdom,736269,456,,,12120,152.0
sdom2121,sdom2121K.gn,閉撰敃氪,sdom,8967522,456,,,12121,128.0
sdom2122,sdom2122K.gn,閉撰敃氪,sdom,736269,456,,,12122,111.0
sdom2123,sdom2123K.gn,閉撰敃氪,sdom,8967522,456,,,12123,109.0
sdom2124,sdom2124K.gn,閉撰敃氪,sdom,3628250,456,,,12124,136.0
sdom2125,sdom2125K.gn,閉撰敃氪,sdom,10275474,456,,,12125,100.0
sdom2126,sdom2126K.gn,閉撰敃氪,sdom,4675663,456,,,12126,100.0
sdom2127,sdom2127K.gn,閉撰敃氪,sdom,10275474,456,,,12127,95.0
sdom2128,sdom2128K.gn,閉撰敃氪,sdom,4675663,456,,,12128,170.0
sdom2129,sdom2129K.gn,閉撰敃氪,sdom,3628250,456,,,12129,135.0
sdom2130,sdom2130K.gn,閉撰敃氪,sdom,9458173,456,,,12130,118.0
sdom2131,sdom2131K.gn,閉撰敃氪,sdom,3628250,456,,,12131,87.0
sdom2132,sdom2132K.gn,閉撰敃氪,sdom,1044917,456,,,12132,130.0
sdom2133,sdom2133K.gn,閉撰敃氪,sdom,16559437,456,,,12133,126.0
sdom2134,sdom2134K.gn,閉撰敃氪,sdom,736269,456,,,12134,137.0
sdom2135,sdom2135K.gn,閉撰敃氪,sdom,8967522,456,,,12135,135.0
sdom2136,sdom2136K.gn,閉撰敃氪,sdom,1044917,456,,,12136,128.0
sdom2137,sdom2137K.gn,閉撰敃氪,sdom,9458173,456,,,12137,100.0
sdom2138,sdom2138K.gn,閉撰敃氪,sdom,1044917,456,,,12138,108.0
sdom2139,sdom2139K.gn,閉撰敃氪,sdom,10275474,456,,,12139,100.0
sdom2140,sdom2140K.gn,閉撰敃氪,sdom,9458173,456,,,12140,136.0
sdom2171,sdom2171k.gn,閉撰敃氪,sdom,9458173,456,,,12171,78.0
sdom2172,sdom2172k.gn,閉撰敃氪,sdom,3628250,456,,,12172,130.0
sdom2173,sdom2173k.gn,閉撰敃氪,sdom,9458173,456,,,12173,134.0
sdom2174,sdom2174k.gn,閉撰敃氪,sdom,1044917,456,,,12174,158.0
sdom2175,sdom2175k.gn,閉撰敃氪,sdom,16559437,456,,,12175,130.0
sdom2176,sdom2176k.gn,閉撰敃氪,sdom,3628250,456,,,12176,140.0
sdom2177,sdom2177k.gn,閉撰敃氪,sdom,736269,456,,,12177,90.0
sdom2178,sdom2178k.gn,閉撰敃氪,sdom,8967522,456,,,12178,118.0
sdom2179,sdom2179k.gn,閉撰敃氪,sdom,1044917,456,,,12179,127.0
sdom2180,sdom2180k.gn,閉撰敃氪,sdom,16559437,456,,,12180,102.0
sdom2181,sdom2181k.gn,閉撰敃氪,sdom,736269,456,,,12181,109.0
sdom2182,sdom2182k.gn,閉撰敃氪,sdom,9458173,456,,,12182,130.0
sdom2183,sdom2183k.gn,閉撰敃氪,sdom,8967522,456,,,12183,150.0
sdom2184,sdom2184k.gn,閉撰敃氪,sdom,10275474,456,,,12184,69.0
sdom2185,sdom2185k.gn,閉撰敃氪,sdom,3628250,456,,,12185,128.0
sdom2186,sdom2186k.gn,閉撰敃氪,sdom,1044917,456,,,12186,188.0
sdom2187,sdom2187k.gn,閉撰敃氪,sdom,16559437,456,,,12187,105.0
sdom2188,sdom2188k.gn,閉撰敃氪,sdom,736269,456,,,12188,175.0
sdom2189,sdom2189k.gn,閉撰敃氪,sdom,8967522,456,,,12189,147.0
sdom2190,sdom2190k.gn,閉撰敃氪,sdom,10275474,456,,,12190,124.0
sdom2191,sdom2191k.gn,閉撰敃氪,sdom,9458173,456,,,12191,95.0
sdom2192,sdom2192k.gn,閉撰敃氪,sdom,3628250,456,,,12192,116.0
sdom2193,sdom2193k.gn,閉撰敃氪,sdom,9458173,456,,,12193,118.0
sdom2194,sdom2194k.gn,閉撰敃氪,sdom,3628250,456,,,12194,95.0
sdom2195,sdom2195k.gn,閉撰敃氪,sdom,1044917,456,,,12195,200.0
sdom2196,sdom2196k.gn,閉撰敃氪,sdom,16559437,456,,,12196,130.0
sdom2197,sdom2197k.gn,閉撰敃氪,sdom,1044917,456,,,12197,130.0
sdom2198,sdom2198k.gn,閉撰敃氪,sdom,16559437,456,,,12198,129.0
sdom2199,sdom2199k.gn,閉撰敃氪,sdom,736269,456,,,12199,177.6
sdom2200,sdom2200k.gn,閉撰敃氪,sdom,8967522,456,,,12200,96.0
sdom2211,sdom2211k.gn,閉撰敃氪,sdom,3628250,456,,,12211,78.0
sdom2212,sdom2212k.gn,閉撰敃氪,sdom,1044917,456,,,12212,75.0
sdom2213,sdom2213k.gn,閉撰敃氪,sdom,3628250,456,,,12213,160.0
sdom2214,sdom2214k.gn,閉撰敃氪,sdom,5378792,456,,,12214,94.0
sdom2215,sdom2215k.gn,閉撰敃氪,sdom,16559437,456,,,12215,89.0
sdom2216,sdom2216k.gn,閉撰敃氪,sdom,736269,456,,,12216,126.0
sdom2217,sdom2217k.gn,閉撰敃氪,sdom,9458173,456,,,12217,146.0
sdom2218,sdom2218k.gn,閉撰敃氪,sdom,16559437,456,,,12218,110.0
sdom2219,sdom2219k.gn,閉撰敃氪,sdom,8967522,456,,,12219,120.0
sdom2220,sdom2220k.gn,閉撰敃氪,sdom,1044917,456,,,12220,160.0
sdom2221,sdom2221k.gn,閉撰敃氪,sdom,736269,456,,,12221,150.0
sdom2222,sdom2222k.gn,閉撰敃氪,sdom,9458173,456,,,12222,145.0
sdom2223,sdom2223k.gn,閉撰敃氪,sdom,9458173,456,,,12223,175.0
sdom2224,sdom2224k.gn,閉撰敃氪,sdom,9458173,456,,,12224,87.0
sdom2225,sdom2225k.gn,閉撰敃氪,sdom,3628250,456,,,12225,85.0
sdom2226,sdom2226k.gn,閉撰敃氪,sdom,1044917,456,,,12226,66.0
sdom2227,sdom2227k.gn,閉撰敃氪,sdom,16559437,456,,,12227,78.0
sdom2228,sdom2228k.gn,閉撰敃氪,sdom,736269,456,,,12228,78.0
sdom2229,sdom2229k.gn,閉撰敃氪,sdom,8967522,456,,,12229,160.0
sdom2230,sdom2230k.gn,閉撰敃氪,sdom,4909725,456,,,12230,126.0
sdom2241,sdom2241k.gn,閉撰敃氪,sdom,9458173,456,,,12241,126.0
sdom2242,sdom2242k.gn,閉撰敃氪,sdom,3628250,456,,,12242,141.0
sdom2243,sdom2243k.gn,閉撰敃氪,sdom,9458173,456,,,12243,118.0
sdom2244,sdom2244k.gn,閉撰敃氪,sdom,1044917,456,,,12244,168.0
sdom2245,sdom2245k.gn,閉撰敃氪,sdom,16559437,456,,,12245,147.0
sdom2246,sdom2246k.gn,閉撰敃氪,sdom,736269,456,,,12246,167.0
sdom2247,sdom2247k.gn,閉撰敃氪,sdom,8967522,456,,,12247,108.0
sdom2248,sdom2248k.gn,閉撰敃氪,sdom,10275474,456,,,12248,88.0
sdom2249,sdom2249k.gn,閉撰敃氪,sdom,4675663,456,,,12249,132.0
sdom2250,sdom2250k.gn,閉撰敃氪,sdom,7836746,456,,,12250,168.0
sdom2251,sdom2251k.gn,閉撰敃氪,sdom,9458173,456,,,12251,170.0
sdom2252,sdom2252k.gn,閉撰敃氪,sdom,14955976,456,,,12252,113.0
sdom2253,sdom2253k.gn,閉撰敃氪,sdom,9458173,456,,,12253,128.0
sdom2254,sdom2254k.gn,閉撰敃氪,sdom,3628250,456,,,12254,130.0
sdom2255,sdom2255k.gn,閉撰敃氪,sdom,1044917,456,,,12255,190.0
sdom2256,sdom2256k.gn,閉撰敃氪,sdom,16559437,456,,,12256,115.0
sdom2257,sdom2257k.gn,閉撰敃氪,sdom,736269,456,,,12257,65.0
sdom2258,sdom2258k.gn,閉撰敃氪,sdom,8967522,456,,,12258,128.0
sdom2259,sdom2259k.gn,閉撰敃氪,sdom,10275474,456,,,12259,106.0
sdom2260,sdom2260k.gn,閉撰敃氪,sdom,4675663,456,,,12260,127.0
sdom2261,sdom2261k.gn,閉撰敃氪,sdom,3628250,456,,,12261,63.0
sdom2262,sdom2262k.gn,閉撰敃氪,sdom,1044917,456,,,12262,120.0
sdom2263,sdom2263k.gn,閉撰敃氪,sdom,9458173,456,,,12263,90.0
sdom2264,sdom2264k.gn,閉撰敃氪,sdom,6964435,456,,,12264,160.0
sdom2265,sdom2265k.gn,閉撰敃氪,sdom,9458173,456,,,12265,138.0
sdom2266,sdom2266k.gn,閉撰敃氪,sdom,3628250,456,,,12266,110.0
sdom2267,sdom2267k.gn,閉撰敃氪,sdom,3628250,456,,,12267,121.0
sdom2268,sdom2268k.gn,閉撰敃氪,sdom,1044917,456,,,12268,67.0
sdom2269,sdom2269k.gn,閉撰敃氪,sdom,1044917,456,,,12269,74.0
sdom2270,sdom2270k.gn,閉撰敃氪,sdom,9458173,456,,,12270,150.0
sdom2271,sdom2271k.gn,閉撰敃氪,sdom,9458173,456,,,12271,76.0
sdom2272,sdom2272k.gn,閉撰敃氪,sdom,9458173,456,,,12272,109.0
sdom2273,sdom2273k.gn,閉撰敃氪,sdom,3628250,456,,,12273,79.0
sdom2274,sdom2274k.gn,閉撰敃氪,sdom,1044917,456,,,12274,110.0
sdom2275,sdom2275k.gn,閉撰敃氪,sdom,3628250,456,,,12275,135.0
sdom2276,sdom2276k.gn,閉撰敃氪,sdom,3628250,456,,,12276,165.0
sdom2277,sdom2277k.gn,閉撰敃氪,sdom,1044917,456,,,12277,155.0
sdom2278,sdom2278k.gn,閉撰敃氪,sdom,1044917,456,,,12278,200.0
sdom2279,sdom2279k.gn,閉撰敃氪,sdom,16559437,456,,,12279,172.0
sdom2286,sdom2286k.gn,閉撰敃氪,sdom,9458173,456,,,12286,93.0
sdom2287,sdom2287k.gn,閉撰敃氪,sdom,3628250,456,,,12287,123.0
sdom2288,sdom2288k.gn,閉撰敃氪,sdom,1044917,456,,,12288,95.0
sdom2289,sdom2289k.gn,閉撰敃氪,sdom,16559437,456,,,12289,147.0
sdom2290,sdom2290k.gn,閉撰敃氪,sdom,9458173,456,,,12290,135.0
sdom2291,sdom2291k.gn,閉撰敃氪,sdom,3628250,456,,,12291,124.0
sdom2292,sdom2292k.gn,閉撰敃氪,sdom,1044917,456,,,12292,157.0
sdom2293,sdom2293k.gn,閉撰敃氪,sdom,16559437,456,,,12293,85.0
sdom2294,sdom2294k.gn,閉撰敃氪,sdom,736269,456,,,12294,130.0
sdom2295,sdom2295k.gn,閉撰敃氪,sdom,8967522,456,,,12295,94.0
sdom2296,sdom2296k.gn,閉撰敃氪,sdom,10275474,456,,,12296,125.0
sdom2297,sdom2297k.gn,閉撰敃氪,sdom,4675663,456,,,12297,153.0
sdom2298,sdom2298k.gn,閉撰敃氪,sdom,9458173,456,,,12298,109.0
sdom2299,sdom2299k.gn,閉撰敃氪,sdom,3628250,456,,,12299,175.0
sdom2300,sdom2300k.gn,閉撰敃氪,sdom,1044917,456,,,12300,80.0
sdom2301,sdom2301k.gn,閉撰敃氪,sdom,16559437,456,,,12301,130.0
sdom2302,sdom2302k.gn,閉撰敃氪,sdom,736269,456,,,12302,90.0
sdom2303,sdom2303k.gn,閉撰敃氪,sdom,8967522,456,,,12303,79.9
sdom2304,sdom2304k.gn,閉撰敃氪,sdom,9458173,456,,,12304,171.0
sdom2305,sdom2305k.gn,閉撰敃氪,sdom,3628250,456,,,12305,180.0
sdom2306,sdom2306k.gn,閉撰敃氪,sdom,1044917,456,,,12306,110.0
sdom2307,sdom2307k.gn,閉撰敃氪,sdom,16559437,456,,,12307,178.0
sdom2308,sdom2308k.gn,閉撰敃氪,sdom,736269,456,,,12308,145.0
sdom2309,sdom2309k.gn,閉撰敃氪,sdom,8967522,456,,,12309,165.0
sdom2310,sdom2310k.gn,閉撰敃氪,sdom,9458173,456,,,12310,134.0
sdom2311,sdom2311k.gn,閉撰敃氪,sdom,3628250,456,,,12311,176.0
sdom2312,sdom2312k.gn,閉撰敃氪,sdom,1044917,456,,,12312,128.0
sdom2313,sdom2313k.gn,閉撰敃氪,sdom,16559437,456,,,12313,180.0
sdom2314,sdom2314k.gn,閉撰敃氪,sdom,736269,456,,,12314,109.0
sdom2315,sdom2315k.gn,閉撰敃氪,sdom,8967522,456,,,12315,170.0
sdom2316,sdom2316k.gn,閉撰敃氪,sdom,9458173,456,,,12316,156.0
sdom2317,sdom2317k.gn,閉撰敃氪,sdom,3628250,456,,,12317,85.0
sdom2318,sdom2318k.gn,閉撰敃氪,sdom,1044917,456,,,12318,90.0
sdom2319,sdom2319k.gn,閉撰敃氪,sdom,16559437,456,,,12319,120.0
sdom2320,sdom2320k.gn,閉撰敃氪,sdom,736269,456,,,12320,70.0
sdom2321,sdom2321k.gn,閉撰敃氪,sdom,8967522,456,,,12321,128.0
sdom2322,sdom2322k.gn,閉撰敃氪,sdom,10275474,456,,,12322,66.0
sdom2323,sdom2323k.gn,閉撰敃氪,sdom,4675663,456,,,12323,130.0
sdom2324,sdom2324k.gn,閉撰敃氪,sdom,7836746,456,,,12324,165.0
sdom2325,sdom2325k.gn,閉撰敃氪,sdom,9458173,456,,,12325,115.0
sdom2326,sdom2326k.gn,閉撰敃氪,sdom,9458173,456,,,12326,100.0
sdom2327,sdom2327k.gn,閉撰敃氪,sdom,3628250,456,,,12327,122.0
sdom2328,sdom2328k.gn,閉撰敃氪,sdom,1044917,456,,,12328,124.0
sdom2329,sdom2329k.gn,閉撰敃氪,sdom,16559437,456,,,12329,78.0
sdom2330,sdom2330k.gn,閉撰敃氪,sdom,736269,456,,,12330,81.0
sdom2331,sdom2331k.gn,閉撰敃氪,sdom,8967522,456,,,12331,134.0
sdom2332,sdom2332k.gn,閉撰敃氪,sdom,10275474,456,,,12332,152.0
sdom2333,sdom2333k.gn,閉撰敃氪,sdom,4675663,456,,,12333,66.0
sdom2334,sdom2334k.gn,閉撰敃氪,sdom,7836746,456,,,12334,65.0
sdom2335,sdom2335k.gn,閉撰敃氪,sdom,6271120,456,,,12335,70.0
sdom2336,sdom2336k.gn,閉撰敃氪,sdom,9458173,456,,,12336,76.0
sdom2337,sdom2337k.gn,閉撰敃氪,sdom,3628250,456,,,12337,69.0
sdom2338,sdom2338k.gn,閉撰敃氪,sdom,1044917,456,,,12338,66.0
sdom2339,sdom2339k.gn,閉撰敃氪,sdom,16559437,456,,,12339,90.0
sdom2340,sdom2340k.gn,閉撰敃氪,sdom,736269,456,,,12340,150.0
sdom2341,sdom2341k.gn,閉撰敃氪,sdom,8967522,456,,,12341,70.0
sdom2342,sdom2342k.gn,閉撰敃氪,sdom,10275474,456,,,12342,66.0
sdom2343,sdom2343k.gn,閉撰敃氪,sdom,4675663,456,,,12343,87.0
sdom2344,sdom2344k.gn,閉撰敃氪,sdom,7836746,456,,,12344,115.0
sdom2345,sdom2345k.gn,閉撰敃氪,sdom,6271120,456,,,12345,84.0
sdom2346,sdom2346k.gn,閉撰敃氪,sdom,9458173,456,,,12346,96.0
sdom2347,sdom2347k.gn,閉撰敃氪,sdom,3628250,456,,,12347,85.6
sdom2348,sdom2348k.gn,閉撰敃氪,sdom,1044917,456,,,12348,124.0
sdom2349,sdom2349k.gn,閉撰敃氪,sdom,16559437,456,,,12349,122.0
sdom2350,sdom2350k.gn,閉撰敃氪,sdom,736269,456,,,12350,128.0
sdom2351,sdom2351k.gn,閉撰敃氪,sdom,9458173,456,,,12351,126.0
sdom2352,sdom2352k.gn,閉撰敃氪,sdom,5378792,456,,,12352,137.0
sdom2353,sdom2353k.gn,閉撰敃氪,sdom,1044917,456,,,12353,125.0
sdom2354,sdom2354k.gn,閉撰敃氪,sdom,6913807,456,,,12354,61.0
sdom2355,sdom2355k.gn,閉撰敃氪,sdom,9458173,456,,,12355,127.0
sdom2356,sdom2356k.gn,閉撰敃氪,sdom,8967522,456,,,12356,95.0
sdom2357,sdom2357k.gn,閉撰敃氪,sdom,10275474,456,,,12357,65.0
sdom2358,sdom2358k.gn,閉撰敃氪,sdom,4675663,456,,,12358,160.0
sdom2359,sdom2359k.gn,閉撰敃氪,sdom,7836746,456,,,12359,116.0
sdom2360,sdom2360k.gn,閉撰敃氪,sdom,6271120,456,,,12360,120.0
sdom2361,sdom2361k.gn,閉撰敃氪,sdom,9458173,456,,,12361,150.0
sdom2362,sdom2362k.gn,閉撰敃氪,sdom,3628250,456,,,12362,176.0
sdom2363,sdom2363k.gn,閉撰敃氪,sdom,1044917,456,,,12363,87.0
sdom2364,sdom2364k.gn,閉撰敃氪,sdom,16559437,456,,,12364,148.0
sdom2365,sdom2365k.gn,閉撰敃氪,sdom,736269,456,,,12365,153.0
sdom2366,sdom2366k.gn,閉撰敃氪,sdom,8967522,456,,,12366,129.0
sdom2367,sdom2367k.gn,閉撰敃氪,sdom,10275474,456,,,12367,96.0
sdom2368,sdom2368k.gn,閉撰敃氪,sdom,9458173,456,,,12368,180.0
sdom2369,sdom2369k.gn,閉撰敃氪,sdom,4675663,456,,,12369,120.0
sdom2370,sdom2370k.gn,閉撰敃氪,sdom,3628250,456,,,12370,136.0
sdom2371,sdom2371k.gn,閉撰敃氪,sdom,1044917,456,,,12371,130.0
sdom2372,sdom2372k.gn,閉撰敃氪,sdom,16559437,456,,,12372,139.0
sdom2373,sdom2373k.gn,閉撰敃氪,sdom,7836746,456,,,12373,135.0
sdom2374,sdom2374k.gn,閉撰敃氪,sdom,736269,456,,,12374,152.0
sdom2375,sdom2375k.gn,閉撰敃氪,sdom,8967522,456,,,12375,160.0
sdom2376,sdom2376k.gn,閉撰敃氪,sdom,9458173,456,,,12376,164.0
sdom2377,sdom2377k.gn,閉撰敃氪,sdom,3628250,456,,,12377,128.0
sdom2378,sdom2378k.gn,閉撰敃氪,sdom,1044917,456,,,12378,161.0
sdom2379,sdom2379k.gn,閉撰敃氪,sdom,9458173,456,,,12379,130.0
sdom2380,sdom2380k.gn,閉撰敃氪,sdom,16559437,456,,,12380,123.0
sdom2381,sdom2381k.gn,閉撰敃氪,sdom,3628250,456,,,12381,110.0
sdom2382,sdom2382k.gn,閉撰敃氪,sdom,736269,456,,,12382,110.0
sdom2383,sdom2383k.gn,閉撰敃氪,sdom,16559437,456,,,12383,124.0
sdom2384,sdom2384k.gn,閉撰敃氪,sdom,736269,456,,,12384,138.0
sdom2385,sdom2385k.gn,閉撰敃氪,sdom,8967522,456,,,12385,125.0
sdom2386,sdom2386k.gn,閉撰敃氪,sdom,9458173,456,,,12386,130.0
sdom2387,sdom2387k.gn,閉撰敃氪,sdom,3628250,456,,,12387,140.0
sdom2388,sdom2388k.gn,閉撰敃氪,sdom,1044917,456,,,12388,91.0
sdom2389,sdom2389k.gn,閉撰敃氪,sdom,16559437,456,,,12389,75.0
sdom2390,sdom2390k.gn,閉撰敃氪,sdom,736269,456,,,12390,100.0
sdom2391,sdom2391k.gn,閉撰敃氪,sdom,9458173,456,,,12391,115.0
sdom2392,sdom2392k.gn,閉撰敃氪,sdom,3628250,456,,,12392,85.0
sdom2393,sdom2393k.gn,閉撰敃氪,sdom,1044917,456,,,12393,93.0
sdom2394,sdom2394k.gn,閉撰敃氪,sdom,16559437,456,,,12394,85.0
sdom2395,sdom2395k.gn,閉撰敃氪,sdom,736269,456,,,12395,154.0
sdom2396,sdom2396k.gn,閉撰敃氪,sdom,3628250,456,,,12396,130.0
sdom2397,sdom2397k.gn,閉撰敃氪,sdom,9458173,456,,,12397,126.0
sdom2398,sdom2398k.gn,閉撰敃氪,sdom,1044917,456,,,12398,128.0
sdom2399,sdom2399k.gn,閉撰敃氪,sdom,9458173,456,,,12399,111.0
sdom2400,sdom2400k.gn,閉撰敃氪,sdom,3628250,456,,,12400,125.0
sdom2401,sdom2401k.gn,閉撰敃氪,sdom,1044917,456,,,12401,135.0
sdom2402,sdom2402k.gn,閉撰敃氪,sdom,9458173,456,,,12402,97.0
sdom2403,sdom2403k.gn,閉撰敃氪,sdom,3628250,456,,,12403,162.0
sdom2404,sdom2404k.gn,閉撰敃氪,sdom,1044917,456,,,12404,130.0
sdom2405,sdom2405k.gn,閉撰敃氪,sdom,16559437,456,,,12405,200.0
sdom2406,sdom2406k.gn,閉撰敃氪,sdom,9458173,456,,,12406,98.0
sdom2407,sdom2407k.gn,閉撰敃氪,sdom,3628250,456,,,12407,118.0
sdom2408,sdom2408k.gn,閉撰敃氪,sdom,1044917,456,,,12408,112.0
sdom2409,sdom2409k.gn,閉撰敃氪,sdom,16559437,456,,,12409,160.0
sdom2410,sdom2410k.gn,閉撰敃氪,sdom,9458173,456,,,12410,148.0
sdom2411,sdom2411k.gn,閉撰敃氪,sdom,3628250,456,,,12411,134.0
sdom2412,sdom2412k.gn,閉撰敃氪,sdom,1044917,456,,,12412,170.0
sdom2413,sdom2413k.gn,閉撰敃氪,sdom,9458173,456,,,12413,128.0
sdom2414,sdom2414k.gn,閉撰敃氪,sdom,3628250,456,,,12414,115.0
sdom2415,sdom2415k.gn,閉撰敃氪,sdom,1044917,456,,,12415,125.0
sdom2416,sdom2416k.gn,閉撰敃氪,sdom,16559437,456,,,12416,110.0
sdom2417,sdom2417k.gn,閉撰敃氪,sdom,16559437,456,,,12417,118.0
sdom2418,sdom2418k.gn,閉撰敃氪,sdom,9458173,456,,,12418,123.0
sdom2419,sdom2419k.gn,閉撰敃氪,sdom,3628250,456,,,12419,170.0
sdom2420,sdom2420k.gn,閉撰敃氪,sdom,9458173,456,,,12420,128.0
sdom2421,sdom2421k.gn,閉撰敃氪,sdom,3628250,456,,,12421,120.0
sdom2422,sdom2422k.gn,閉撰敃氪,sdom,1044917,456,,,12422,157.0
sdom2423,sdom2423k.gn,閉撰敃氪,sdom,1044917,456,,,12423,117.0
sdom2424,sdom2424k.gn,閉撰敃氪,sdom,16559437,456,,,12424,158.0
sdom2425,sdom2425k.gn,閉撰敃氪,sdom,9458173,456,,,12425,130.0
sdom2426,sdom2426k.gn,閉撰敃氪,sdom,3628250,456,,,12426,120.1
sdom2427,sdom2427k.gn,閉撰敃氪,sdom,1044917,456,,,12427,130.0
sdom2428,sdom2428k.gn,閉撰敃氪,sdom,9458173,456,,,12428,132.0
sdom2429,sdom2429k.gn,閉撰敃氪,sdom,736269,456,,,12429,134.0
sdom2430,sdom2430k.gn,閉撰敃氪,sdom,8967522,456,,,12430,145.5
sdom2431,sdom2431k.gn,閉撰敃氪,sdom,10275474,456,,,12431,93.0
sdom2432,sdom2432k.gn,閉撰敃氪,sdom,4675663,456,,,12432,120.0
sdom2433,sdom2433k.gn,閉撰敃氪,sdom,7836746,456,,,12433,128.0
sdom2434,sdom2434k.gn,閉撰敃氪,sdom,6271120,456,,,12434,115.0
sdom2435,sdom2435k.gn,閉撰敃氪,sdom,3628250,456,,,12435,95.0
sdom2436,sdom2436k.gn,閉撰敃氪,sdom,1044917,456,,,12436,156.0
sdom2437,sdom2437k.gn,閉撰敃氪,sdom,16559437,456,,,12437,128.0
sdom2438,sdom2438k.gn,閉撰敃氪,sdom,736269,456,,,12438,130.0
sdom2439,sdom2439k.gn,閉撰敃氪,sdom,8967522,456,,,12439,125.0
sdom2440,sdom2440k.gn,閉撰敃氪,sdom,10275474,456,,,12440,128.0
sdom2441,sdom2441k.gn,閉撰敃氪,sdom,4675663,456,,,12441,128.0
sdom2442,sdom2442k.gn,閉撰敃氪,sdom,7836746,456,,,12442,179.0
sdom2443,sdom2443k.gn,閉撰敃氪,sdom,6271120,456,,,12443,174.0
sdom2444,sdom2444k.gn,閉撰敃氪,sdom,5194969,456,,,12444,120.0
sdom2445,sdom2445k.gn,閉撰敃氪,sdom,9458173,456,,,12445,154.0
sdom2446,sdom2446k.gn,閉撰敃氪,sdom,3628250,456,,,12446,155.0
sdom2447,sdom2447k.gn,閉撰敃氪,sdom,1044917,456,,,12447,199.0
sdom2448,sdom2448k.gn,閉撰敃氪,sdom,16559437,456,,,12448,150.0
sdom2449,sdom2449k.gn,閉撰敃氪,sdom,9458173,456,,,12449,156.0
sdom2450,sdom2450k.gn,閉撰敃氪,sdom,9458173,456,,,12450,138.87
sdom2451,sdom2451k.gn,閉撰敃氪,sdom,1044917,456,,,12451,180.0
sdom2452,sdom2452k.gn,閉撰敃氪,sdom,16559437,456,,,12452,151.0
sdom2453,sdom2453k.gn,閉撰敃氪,sdom,736269,456,,,12453,180.0
sdom2454,sdom2454k.gn,閉撰敃氪,sdom,8967522,456,,,12454,140.0
sdom2455,sdom2455k.gn,閉撰敃氪,sdom,10275474,456,,,12455,140.0
sdom2456,sdom2456k.gn,閉撰敃氪,sdom,4675663,456,,,12456,140.0
sdom2457,sdom2457k.gn,閉撰敃氪,sdom,9458173,456,,,12457,132.0
sdom2458,sdom2458k.gn,閉撰敃氪,sdom,3628250,456,,,12458,90.0
sdom2459,sdom2459k.gn,閉撰敃氪,sdom,1044917,456,,,12459,165.0
sdom2460,sdom2460k.gn,閉撰敃氪,sdom,16559437,456,,,12460,180.0
sdom2461,sdom2461k.gn,閉撰敃氪,sdom,736269,456,,,12461,137.0
sdom2462,sdom2462k.gn,閉撰敃氪,sdom,8967522,456,,,12462,145.31
sdom2463,sdom2463k.gn,閉撰敃氪,sdom,1044917,456,,,12463,128.0
sdom2464,sdom2464k.gn,閉撰敃氪,sdom,16559437,456,,,12464,204.0
sdom2465,sdom2465k.gn,閉撰敃氪,sdom,9458173,456,,,12465,178.0
sdom2466,sdom2466k.gn,閉撰敃氪,sdom,3628250,456,,,12466,133.0
sdom2467,sdom2467k.gn,閉撰敃氪,sdom,1044917,456,,,12467,117.0
sdom2468,sdom2468k.gn,閉撰敃氪,sdom,16559437,456,,,12468,128.0
sdom2469,sdom2469k.gn,閉撰敃氪,sdom,736269,456,,,12469,150.0
sdom2470,sdom2470k.gn,閉撰敃氪,sdom,8967522,456,,,12470,140.0
sdom2471,sdom2471k.gn,閉撰敃氪,sdom,10275474,456,,,12471,118.0
sdom2473,sdom2473k.gn,閉撰敃氪,sdom,4675663,456,,,12473,127.0
sdom2474,sdom2474k.gn,閉撰敃氪,sdom,7836746,456,,,12474,137.0
sdom2475,sdom2475k.gn,閉撰敃氪,sdom,9458173,456,,,12475,95.0
sdom2476,sdom2476k.gn,閉撰敃氪,sdom,3628250,456,,,12476,102.0
sdom2477,sdom2477k.gn,閉撰敃氪,sdom,1044917,456,,,12477,108.0
sdom2478,sdom2478k.gn,閉撰敃氪,sdom,16559437,456,,,12478,90.0
sdom2479,sdom2479k.gn,閉撰敃氪,sdom,736269,456,,,12479,126.0
sdom2480,sdom2480k.gn,閉撰敃氪,sdom,9458173,456,,,12480,112.0
sdom2481,sdom2481k.gn,閉撰敃氪,sdom,14955976,456,,,12481,120.0
sdom2482,sdom2482k.gn,閉撰敃氪,sdom,5378792,456,,,12482,116.0
sdom2483,sdom2483k.gn,閉撰敃氪,sdom,6913807,456,,,12483,115.0
sdom2484,sdom2484k.gn,閉撰敃氪,sdom,3628250,456,,,12484,144.0
sdom2485,sdom2485k.gn,閉撰敃氪,sdom,9458173,456,,,12485,92.5
sdom2486,sdom2486k.gn,閉撰敃氪,sdom,3628250,456,,,12486,127.0
sdom2487,sdom2487k.gn,閉撰敃氪,sdom,1044917,456,,,12487,134.0
sdom2488,sdom2488k.gn,閉撰敃氪,sdom,16559437,456,,,12488,99.0
sdom2489,sdom2489k.gn,閉撰敃氪,sdom,736269,456,,,12489,170.0
sdom2490,sdom2490k.gn,閉撰敃氪,sdom,9458173,456,,,12490,140.0
sdom2491,sdom2491k.gn,閉撰敃氪,sdom,3628250,456,,,12491,160.0
sdom2492,sdom2492k.gn,閉撰敃氪,sdom,1044917,456,,,12492,126.0
sdom2493,sdom2493k.gn,閉撰敃氪,sdom,16559437,456,,,12493,80.0
sdom2494,sdom2494k.gn,閉撰敃氪,sdom,736269,456,,,12494,123.0
sdom2495,sdom2495k.gn,閉撰敃氪,sdom,9458173,456,,,12495,90.0
sdom2496,sdom2496k.gn,閉撰敃氪,sdom,1044917,456,,,12496,98.0
sdom2497,sdom2497k.gn,閉撰敃氪,sdom,736269,456,,,12497,120.0
sdom2498,sdom2498k.gn,閉撰敃氪,sdom,10275474,456,,,12498,135.0
sdom2499,sdom2499k.gn,閉撰敃氪,sdom,7836746,456,,,12499,125.0
sdom2501,sdom2501k.gn,閉撰敃氪,sdom,11049386,456,,,12501,128.0
sdom2502,sdom2502k.gn,閉撰敃氪,sdom,10989279,456,,,12502,110.0
sdom2503,sdom2503k.gn,閉撰敃氪,sdom,9458173,456,,,12503,190.0
sdom2504,sdom2504k.gn,閉撰敃氪,sdom,3628250,456,,,12504,100.0
sdom2505,sdom2505k.gn,閉撰敃氪,sdom,9458173,456,,,12505,135.0
sdom2506,sdom2506k.gn,閉撰敃氪,sdom,16559437,456,,,12506,125.0
sdom2507,sdom2507k.gn,閉撰敃氪,sdom,736269,456,,,12507,92.0
sdom2508,sdom2508k.gn,閉撰敃氪,sdom,9458173,456,,,12508,130.0
sdom2509,sdom2509k.gn,閉撰敃氪,sdom,3628250,456,,,12509,144.0
sdom2510,sdom2510k.gn,閉撰敃氪,sdom,9458173,456,,,12510,110.0
sdom2511,sdom2511k.gn,閉撰敃氪,sdom,9458173,456,,,12511,127.0
sdom2512,sdom2512k.gn,閉撰敃氪,sdom,1044917,456,,,12512,136.0
sdom2513,sdom2513k.gn,閉撰敃氪,sdom,3628250,456,,,12513,122.0
sdom2514,sdom2514k.gn,閉撰敃氪,sdom,1044917,456,,,12514,128.0
sdom2515,sdom2515k.gn,閉撰敃氪,sdom,9458173,456,,,12515,157.0
sdom2516,sdom2516k.gn,閉撰敃氪,sdom,3628250,456,,,12516,150.0
sdom2517,sdom2517k.gn,閉撰敃氪,sdom,1044917,456,,,12517,114.0
sdom2518,sdom2518k.gn,閉撰敃氪,sdom,9458173,456,,,12518,124.0
sdom2519,sdom2519k.gn,閉撰敃氪,sdom,3628250,456,,,12519,130.0
sdom2520,sdom2520k.gn,閉撰敃氪,sdom,1044917,456,,,12520,168.0
sdom2521,sdom2521k.gn,閉撰敃氪,sdom,16559437,456,,,12521,180.0
sdom2522,sdom2522k.gn,閉撰敃氪,sdom,9458173,456,,,12522,160.0
sdom2523,sdom2523k.gn,閉撰敃氪,sdom,3628250,456,,,12523,80.0
sdom2524,sdom2524k.gn,閉撰敃氪,sdom,1044917,456,,,12524,96.9
sdom2525,sdom2525k.gn,閉撰敃氪,sdom,9458173,456,,,12525,175.0
sdom2526,sdom2526k.gn,閉撰敃氪,sdom,3628250,456,,,12526,158.0
sdom2527,sdom2527k.gn,閉撰敃氪,sdom,1044917,456,,,12527,100.0
sdom2528,sdom2528k.gn,閉撰敃氪,sdom,16559437,456,,,12528,144.0
sdom2529,sdom2529k.gn,閉撰敃氪,sdom,736269,456,,,12529,140.0
sdom2530,sdom2530k.gn,閉撰敃氪,sdom,9458173,456,,,12530,185.0
sdom2531,sdom2531k.gn,閉撰敃氪,sdom,3628250,456,,,12531,100.0
sdom2532,sdom2532k.gn,閉撰敃氪,sdom,9458173,456,,,12532,164.0
sdom2533,sdom2533k.gn,閉撰敃氪,sdom,1044917,456,,,12533,150.0
sdom2534,sdom2534k.gn,閉撰敃氪,sdom,16559437,456,,,12534,104.0
sdom2535,sdom2535k.gn,閉撰敃氪,sdom,9458173,456,,,12535,138.0
sdom2536,sdom2536k.gn,閉撰敃氪,sdom,3628250,456,,,12536,140.83
sdom2537,sdom2537k.gn,閉撰敃氪,sdom,1044917,456,,,12537,147.0
sdom2538,sdom2538k.gn,閉撰敃氪,sdom,16559437,456,,,12538,100.0
sdom2539,sdom2539k.gn,閉撰敃氪,sdom,9458173,456,,,12539,180.0
sdom2540,sdom2540k.gn,閉撰敃氪,sdom,3628250,456,,,12540,155.0
sdom2541,sdom2541k.gn,閉撰敃氪,sdom,1044917,456,,,12541,140.0
sdom2542,sdom2542k.gn,閉撰敃氪,sdom,9458173,456,,,12542,175.0
sdom2543,sdom2543k.gn,閉撰敃氪,sdom,3628250,456,,,12543,150.0
sdom2544,sdom2544k.gn,閉撰敃氪,sdom,16559437,456,,,12544,164.0
sdom2545,sdom2545k.gn,閉撰敃氪,sdom,1044917,456,,,12545,128.0
sdom2546,sdom2546k.gn,閉撰敃氪,sdom,736269,456,,,12546,170.0
sdom2547,sdom2547k.gn,閉撰敃氪,sdom,16559437,456,,,12547,170.0
sdom2548,sdom2548k.gn,閉撰敃氪,sdom,9458173,456,,,12548,146.0
sdom2549,sdom2549k.gn,閉撰敃氪,sdom,9458173,456,,,12549,160.0
sdom2550,sdom2550k.gn,閉撰敃氪,sdom,3628250,456,,,12550,130.0
sdom2551,sdom2551k.gn,閉撰敃氪,sdom,9458173,456,,,12551,126.0
sdom2552,sdom2552k.gn,閉撰敃氪,sdom,1044917,456,,,12552,137.0
sdom2553,sdom2553k.gn,閉撰敃氪,sdom,3628250,456,,,12553,152.11
sdom2554,sdom2554k.gn,閉撰敃氪,sdom,1044917,456,,,12554,100.0
sdom2555,sdom2555k.gn,閉撰敃氪,sdom,16559437,456,,,12555,96.0
sdom2556,sdom2556k.gn,閉撰敃氪,sdom,223976,456,,,12556,162.0
sdom2557,sdom2557k.gn,閉撰敃氪,sdom,9458173,456,,,12557,148.0
sdom2558,sdom2558k.gn,閉撰敃氪,sdom,3628250,456,,,12558,150.0
sdom2559,sdom2559k.gn,閉撰敃氪,sdom,9458173,456,,,12559,145.0
sdom2560,sdom2560k.gn,閉撰敃氪,sdom,3628250,456,,,12560,140.0
sdom2561,sdom2561k.gn,閉撰敃氪,sdom,1044917,456,,,12561,118.0
sdom2562,sdom2562k.gn,閉撰敃氪,sdom,9458173,456,,,12562,153.0
sdom2563,sdom2563k.gn,閉撰敃氪,sdom,3628250,456,,,12563,144.0
sdom2564,sdom2564k.gn,閉撰敃氪,sdom,9458173,456,,,12564,165.0
sdom2565,sdom2565k.gn,閉撰敃氪,sdom,3628250,456,,,12565,200.0
sdom2566,sdom2566k.gn,閉撰敃氪,sdom,1044917,456,,,12566,105.0
sdom2567,sdom2567k.gn,閉撰敃氪,sdom,9458173,456,,,12567,184.0
sdom2568,sdom2568k.gn,閉撰敃氪,sdom,3628250,456,,,12568,174.0
sdom2569,sdom2569k.gn,閉撰敃氪,sdom,9458173,456,,,12569,141.0
sdom2570,sdom2570k.gn,閉撰敃氪,sdom,3628250,456,,,12570,135.0
sdom2571,sdom2571k.gn,閉撰敃氪,sdom,9458173,456,,,12571,110.25
sdom2572,sdom2572k.gn,閉撰敃氪,sdom,1044917,456,,,12572,95.0
sdom2573,sdom2573k.gn,閉撰敃氪,sdom,16559437,456,,,12573,160.0
sdom2574,sdom2574k.gn,閉撰敃氪,sdom,9458173,456,,,12574,144.0
sdom2575,sdom2575k.gn,閉撰敃氪,sdom,3628250,456,,,12575,125.0
sdom2576,sdom2576k.gn,閉撰敃氪,sdom,9458173,456,,,12576,189.33
sdom2577,sdom2577k.gn,閉撰敃氪,sdom,3628250,456,,,12577,87.5
sdom2578,sdom2578k.gn,閉撰敃氪,sdom,1044917,456,,,12578,122.0
sdom2579,sdom2579k.gn,閉撰敃氪,sdom,9458173,456,,,12579,120.0
sdom2580,sdom2580k.gn,閉撰敃氪,sdom,3628250,456,,,12580,135.0
sdom2581,sdom2581k.gn,閉撰敃氪,sdom,1044917,456,,,12581,123.0
sdom2582,sdom2582k.gn,閉撰敃氪,sdom,9458173,456,,,12582,140.0
sdom2583,sdom2583k.gn,閉撰敃氪,sdom,9458173,456,,,12583,128.0
sdom2584,sdom2584k.gn,閉撰敃氪,sdom,3628250,456,,,12584,126.0
sdom2585,sdom2585k.gn,閉撰敃氪,sdom,1044917,456,,,12585,135.0
sdom2586,sdom2586k.gn,閉撰敃氪,sdom,9458173,456,,,12586,132.0
sdom2587,sdom2587k.gn,閉撰敃氪,sdom,3628250,456,,,12587,173.0
sdom2588,sdom2588k.gn,閉撰敃氪,sdom,3628250,456,,,12588,128.0
sdom2589,sdom2589k.gn,閉撰敃氪,sdom,9458173,456,,,12589,115.0
sdom2590,sdom2590k.gn,閉撰敃氪,sdom,5378792,456,,,12590,132.0
sdom2591,sdom2591k.gn,閉撰敃氪,sdom,9458173,456,,,12591,128.0
sdom2592,sdom2592k.gn,閉撰敃氪,sdom,5378792,456,,,12592,89.0
sdom2593,sdom2593k.gn,閉撰敃氪,sdom,9458173,456,,,12593,104.0
sdom2594,sdom2594k.gn,閉撰敃氪,sdom,3628250,456,,,12594,120.0
sdom2595,sdom2595k.gn,閉撰敃氪,sdom,9458173,456,,,12595,118.0
sdom2596,sdom2596k.gn,閉撰敃氪,sdom,3628250,456,,,12596,118.0
sdom2597,sdom2597k.gn,閉撰敃氪,sdom,9458173,456,,,12597,128.0
sdom2598,sdom2598k.gn,閉撰敃氪,sdom,3628250,456,,,12598,137.0
sdom2599,sdom2599k.gn,閉撰敃氪,sdom,9458173,456,,,12599,171.0
sdom2600,sdom2600k.gn,閉撰敃氪,sdom,3628250,456,,,12600,140.0
sdom2601,sdom2601k.gn,閉撰敃氪,sdom,9458173,456,,,12601,120.0
sdom2602,sdom2602k.gn,閉撰敃氪,sdom,9458173,456,,,12602,176.0
sdom2603,sdom2603k.gn,閉撰敃氪,sdom,9458173,456,,,12603,128.0
sdom2604,sdom2604k.gn,閉撰敃氪,sdom,3628250,456,,,12604,128.0
sdom2605,sdom2605k.gn,閉撰敃氪,sdom,1044917,456,,,12605,148.0
sdom2606,sdom2606k.gn,閉撰敃氪,sdom,9458173,456,,,12606,170.0
sdom2607,sdom2607k.gn,閉撰敃氪,sdom,3628250,456,,,12607,131.0
sdom2608,sdom2608k.gn,閉撰敃氪,sdom,1044917,456,,,12608,143.0
sdom2609,sdom2609k.gn,閉撰敃氪,sdom,9458173,456,,,12609,165.0
sdom2610,sdom2610k.gn,閉撰敃氪,sdom,16559437,456,,,12610,128.0
sdom2611,sdom2611k.gn,閉撰敃氪,sdom,9458173,456,,,12611,115.0
sdom2612,sdom2612k.gn,閉撰敃氪,sdom,3628250,456,,,12612,127.0
sdom2613,sdom2613k.gn,閉撰敃氪,sdom,9458173,456,,,12613,170.0
sdom2614,sdom2614k.gn,閉撰敃氪,sdom,3628250,456,,,12614,140.0
sdom2615,sdom2615k.gn,閉撰敃氪,sdom,3628250,456,,,12615,120.0
sdom2616,sdom2616k.gn,閉撰敃氪,sdom,1044917,456,,,12616,130.0
sdom2617,sdom2617k.gn,閉撰敃氪,sdom,9458173,456,,,12617,127.0
sdom2618,sdom2618k.gn,閉撰敃氪,sdom,3628250,456,,,12618,143.0
sdom2619,sdom2619k.gn,閉撰敃氪,sdom,1044917,456,,,12619,130.0
sdom2620,sdom2620k.gn,閉撰敃氪,sdom,16559437,456,,,12620,154.0
sdom2621,sdom2621k.gn,閉撰敃氪,sdom,736269,456,,,12621,140.0
sdom2622,sdom2622k.gn,閉撰敃氪,sdom,9458173,456,,,12622,80.0
sdom2623,sdom2623k.gn,閉撰敃氪,sdom,9458173,456,,,12623,128.05
sdom2624,sdom2624k.gn,閉撰敃氪,sdom,3628250,456,,,12624,120.0
sdom2625,sdom2625k.gn,閉撰敃氪,sdom,9458173,456,,,12625,133.0
sdom2626,sdom2626k.gn,閉撰敃氪,sdom,3628250,456,,,12626,91.0
sdom2627,sdom2627k.gn,閉撰敃氪,sdom,9458173,456,,,12627,133.0
sdom2628,sdom2628k.gn,閉撰敃氪,sdom,9458173,456,,,12628,120.0
sdom2629,sdom2629k.gn,閉撰敃氪,sdom,9458173,456,,,12629,128.0
sdom2630,sdom2630k.gn,閉撰敃氪,sdom,3628250,456,,,12630,108.0
sdom2631,sdom2631k.gn,閉撰敃氪,sdom,3628250,456,,,12631,96.0
sdom2632,sdom2632k.gn,閉撰敃氪,sdom,1044917,456,,,12632,128.0
sdom2633,sdom2633k.gn,閉撰敃氪,sdom,9458173,456,,,12633,93.0
sdom2634,sdom2634k.gn,閉撰敃氪,sdom,9458173,456,,,12634,142.0
sdom2635,sdom2635k.gn,閉撰敃氪,sdom,3628250,456,,,12635,122.0
sdom2636,sdom2636k.gn,閉撰敃氪,sdom,1044917,456,,,12636,108.0
sdom2637,sdom2637k.gn,閉撰敃氪,sdom,9458173,456,,,12637,130.0
sdom2638,sdom2638k.gn,閉撰敃氪,sdom,3628250,456,,,12638,103.0
sdom2639,sdom2639k.gn,閉撰敃氪,sdom,9458173,456,,,12639,140.0
sdom2640,sdom2640k.gn,閉撰敃氪,sdom,3628250,456,,,12640,130.0
sdom2641,sdom2641k.gn,閉撰敃氪,sdom,9458173,456,,,12641,128.0
sdom2642,sdom2642k.gn,閉撰敃氪,sdom,3628250,456,,,12642,130.0
sdom2643,sdom2643k.gn,閉撰敃氪,sdom,9458173,456,,,12643,128.0
sdom2644,sdom2644k.gn,閉撰敃氪,sdom,1044917,456,,,12644,130.1
sdom2645,sdom2645k.gn,閉撰敃氪,sdom,16559437,456,,,12645,138.0
sdom2646,sdom2646k.gn,閉撰敃氪,sdom,736269,456,,,12646,128.0
sdom2647,sdom2647k.gn,閉撰敃氪,sdom,1044917,456,,,12647,160.0
sdom2648,sdom2648k.gn,閉撰敃氪,sdom,16559437,456,,,12648,117.1
sdom2649,sdom2649k.gn,閉撰敃氪,sdom,1044917,456,,,12649,193.0
sdom2650,sdom2650k.gn,閉撰敃氪,sdom,3628250,456,,,12650,124.0
sdom2651,sdom2651k.gn,閉撰敃氪,sdom,1044917,456,,,12651,116.0
sdom2652,sdom2652k.gn,閉撰敃氪,sdom,16559437,456,,,12652,125.0
sdom2653,sdom2653k.gn,閉撰敃氪,sdom,9458173,456,,,12653,72.0
sdom2654,sdom2654k.gn,閉撰敃氪,sdom,3628250,456,,,12654,96.0
sdom2655,sdom2655k.gn,閉撰敃氪,sdom,1044917,456,,,12655,124.0
sdom2656,sdom2656k.gn,閉撰敃氪,sdom,9458173,456,,,12656,97.0
sdom2657,sdom2657k.gn,閉撰敃氪,sdom,3628250,456,,,12657,86.5
sdom2658,sdom2658k.gn,閉撰敃氪,sdom,9458173,456,,,12658,175.0
sdom2659,sdom2659k.gn,閉撰敃氪,sdom,3628250,456,,,12659,150.0
sdom2660,sdom2660k.gn,閉撰敃氪,sdom,9458173,456,,,12660,144.0
sdom2661,sdom2661k.gn,閉撰敃氪,sdom,3628250,456,,,12661,128.0
sdom2662,sdom2662k.gn,閉撰敃氪,sdom,9458173,456,,,12662,118.0
sdom2663,sdom2663k.gn,閉撰敃氪,sdom,3628250,456,,,12663,128.0
sdom2664,sdom2664k.gn,閉撰敃氪,sdom,9458173,456,,,12664,130.0
sdom2665,sdom2665k.gn,閉撰敃氪,sdom,1044917,456,,,12665,128.0
sdom2666,sdom2666k.gn,閉撰敃氪,sdom,16559437,456,,,12666,142.8
sdom2667,sdom2667k.gn,閉撰敃氪,sdom,1044917,456,,,12667,126.0
sdom2668,sdom2668k.gn,閉撰敃氪,sdom,16559437,456,,,12668,133.0
sdom2669,sdom2669k.gn,閉撰敃氪,sdom,1044917,456,,,12669,170.0
sdom2670,sdom2670k.gn,閉撰敃氪,sdom,16559437,456,,,12670,99.9
sdom2671,sdom2671k.gn,閉撰敃氪,sdom,3628250,456,,,12671,135.0
sdom2672,sdom2672k.gn,閉撰敃氪,sdom,9458173,456,,,12672,134.25
sdom2673,sdom2673k.gn,閉撰敃氪,sdom,3628250,456,,,12673,140.0
sdom2674,sdom2674k.gn,閉撰敃氪,sdom,9458173,456,,,12674,152.0
sdom2675,sdom2675k.gn,閉撰敃氪,sdom,9458173,456,,,12675,87.0
sdom2676,sdom2676k.gn,閉撰敃氪,sdom,3628250,456,,,12676,120.0
sdom2677,sdom2677k.gn,閉撰敃氪,sdom,9458173,456,,,12677,130.0
sdom2678,sdom2678k.gn,閉撰敃氪,sdom,3628250,456,,,12678,128.0
sdom2679,sdom2679k.gn,閉撰敃氪,sdom,1044917,456,,,12679,95.0
sdom2680,sdom2680k.gn,閉撰敃氪,sdom,16559437,456,,,12680,124.0
sdom2681,sdom2681k.gn,閉撰敃氪,sdom,3628250,456,,,12681,128.0
sdom2682,sdom2682k.gn,閉撰敃氪,sdom,1044917,456,,,12682,130.0
sdom2683,sdom2683k.gn,閉撰敃氪,sdom,1044917,456,,,12683,126.0
sdom2684,sdom2684k.gn,閉撰敃氪,sdom,16559437,456,,,12684,143.0
sdom2685,sdom2685k.gn,閉撰敃氪,sdom,1044917,456,,,12685,135.0
sdom2686,sdom2686k.gn,閉撰敃氪,sdom,16559437,456,,,12686,128.0
sdom2687,sdom2687k.gn,閉撰敃氪,sdom,9458173,456,,,12687,134.0
sdom2688,sdom2688k.gn,閉撰敃氪,sdom,9458173,456,,,12688,140.0
sdom2689,sdom2689k.gn,閉撰敃氪,sdom,3628250,456,,,12689,153.0
sdom2690,sdom2690k.gn,閉撰敃氪,sdom,3628250,456,,,12690,134.0
sdom2691,sdom2691k.gn,閉撰敃氪,sdom,9458173,456,,,12691,155.0
sdom2692,sdom2692k.gn,閉撰敃氪,sdom,3628250,456,,,12692,128.0
sdom2693,sdom2693k.gn,閉撰敃氪,sdom,9458173,456,,,12693,128.0
sdom2694,sdom2694k.gn,閉撰敃氪,sdom,9458173,456,,,12694,125.0
sdom2695,sdom2695k.gn,閉撰敃氪,sdom,1044917,456,,,12695,130.0
sdom2696,sdom2696k.gn,閉撰敃氪,sdom,16559437,456,,,12696,112.0
sdom2697,sdom2697k.gn,閉撰敃氪,sdom,1044917,456,,,12697,130.0
sdom2698,sdom2698k.gn,閉撰敃氪,sdom,16559437,456,,,12698,140.0
sdom2699,sdom2699k.gn,閉撰敃氪,sdom,1044917,456,,,12699,184.0
sdom2700,sdom2700k.gn,閉撰敃氪,sdom,16559437,456,,,12700,130.0
sdom2701,sdom2701k.gn,閉撰敃氪,sdom,3628250,456,,,12701,120.0
sdom2702,sdom2702k.gn,閉撰敃氪,sdom,9458173,456,,,12702,135.0
sdom2703,sdom2703k.gn,閉撰敃氪,sdom,3628250,456,,,12703,140.0
sdom2704,sdom2704k.gn,閉撰敃氪,sdom,9458173,456,,,12704,132.0
sdom2705,sdom2705k.gn,閉撰敃氪,sdom,9458173,456,,,12705,128.0
sdom2706,sdom2706k.gn,閉撰敃氪,sdom,9458173,456,,,12706,113.0
sdom2707,sdom2707k.gn,閉撰敃氪,sdom,3628250,456,,,12707,126.0
sdom2708,sdom2708k.gn,閉撰敃氪,sdom,9458173,456,,,12708,127.0
sdom2709,sdom2709k.gn,閉撰敃氪,sdom,9458173,456,,,12709,133.0
sdom2710,sdom2710k.gn,閉撰敃氪,sdom,9458173,456,,,12710,200.0
sdom2711,sdom2711k.gn,閉撰敃氪,sdom,9458173,456,,,12711,129.0
sdom2712,sdom2712k.gn,閉撰敃氪,sdom,9458173,456,,,12712,128.0
sdom2713,sdom2713k.gn,閉撰敃氪,sdom,9458173,456,,,12713,130.0
sdom2714,sdom2714k.gn,閉撰敃氪,sdom,3628250,456,,,12714,100.0
sdom2715,sdom2715k.gn,閉撰敃氪,sdom,9458173,456,,,12715,130.0
sdom2716,sdom2716k.gn,閉撰敃氪,sdom,3628250,456,,,12716,90.0
sdom2717,sdom2717k.gn,閉撰敃氪,sdom,3628250,456,,,12717,126.0
sdom2718,sdom2718k.gn,閉撰敃氪,sdom,9458173,456,,,12718,154.0
sdom2719,sdom2719k.gn,閉撰敃氪,sdom,1044917,456,,,12719,92.0
sdom2720,sdom2720k.gn,閉撰敃氪,sdom,16559437,456,,,12720,90.0
sdom2721,sdom2721k.gn,閉撰敃氪,sdom,9458173,456,,,12721,126.0
sdom2722,sdom2722k.gn,閉撰敃氪,sdom,3628250,456,,,12722,120.0
sdom2723,sdom2723k.gn,閉撰敃氪,sdom,1044917,456,,,12723,123.0
sdom2724,sdom2724k.gn,閉撰敃氪,sdom,9458173,456,,,12724,123.0
sdom2725,sdom2725k.gn,閉撰敃氪,sdom,3628250,456,,,12725,156.0
sdom2726,sdom2726k.gn,閉撰敃氪,sdom,1044917,456,,,12726,180.0
sdom2727,sdom2727k.gn,閉撰敃氪,sdom,16559437,456,,,12727,114.9
sdom2728,sdom2728k.gn,閉撰敃氪,sdom,736269,456,,,12728,125.03
sdom2729,sdom2729k.gn,閉撰敃氪,sdom,9458173,456,,,12729,120.0
sdom2730,sdom2730k.gn,閉撰敃氪,sdom,9458173,456,,,12730,113.0
sdom2731,sdom2731k.gn,閉撰敃氪,sdom,9458173,456,,,12731,128.0
sdom2732,sdom2732k.gn,閉撰敃氪,sdom,3628250,456,,,12732,132.0
sdom2733,sdom2733k.gn,閉撰敃氪,sdom,1044917,456,,,12733,104.0
sdom2734,sdom2734k.gn,閉撰敃氪,sdom,16559437,456,,,12734,128.0
sdom2735,sdom2735k.gn,閉撰敃氪,sdom,736269,456,,,12735,134.0
sdom2736,sdom2736k.gn,閉撰敃氪,sdom,3628250,456,,,12736,128.0
sdom2737,sdom2737k.gn,閉撰敃氪,sdom,9458173,456,,,12737,130.0
sdom2738,sdom2738k.gn,閉撰敃氪,sdom,3628250,456,,,12738,95.0
sdom2739,sdom2739k.gn,閉撰敃氪,sdom,9458173,456,,,12739,123.0
sdom2740,sdom2740k.gn,閉撰敃氪,sdom,1044917,456,,,12740,128.0
sdom2741,sdom2741k.gn,閉撰敃氪,sdom,16559437,456,,,12741,103.0
sdom2742,sdom2742k.gn,閉撰敃氪,sdom,736269,456,,,12742,103.0
sdom2743,sdom2743k.gn,閉撰敃氪,sdom,9458173,456,,,12743,131.0
sdom2744,sdom2744k.gn,閉撰敃氪,sdom,3628250,456,,,12744,117.0
sdom2745,sdom2745k.gn,閉撰敃氪,sdom,1044917,456,,,12745,160.0
sdom2746,sdom2746k.gn,閉撰敃氪,sdom,16559437,456,,,12746,108.0
sdom2747,sdom2747k.gn,閉撰敃氪,sdom,9458173,456,,,12747,140.0
sdom2748,sdom2748k.gn,閉撰敃氪,sdom,9458173,456,,,12748,137.0
sdom2749,sdom2749k.gn,閉撰敃氪,sdom,3628250,456,,,12749,124.0
sdom2750,sdom2750k.gn,閉撰敃氪,sdom,9458173,456,,,12750,124.0
sdom2751,sdom2751k.gn,閉撰敃氪,sdom,9458173,456,,,12751,125.0
sdom2752,sdom2752k.gn,閉撰敃氪,sdom,3628250,456,,,12752,110.0
sdom2753,sdom2753k.gn,閉撰敃氪,sdom,9458173,456,,,12753,90.0
sdom2754,sdom2754k.gn,閉撰敃氪,sdom,9458173,456,,,12754,100.0
sdom2755,sdom2755k.gn,閉撰敃氪,sdom,9458173,456,,,12755,98.0
sdom2756,sdom2756k.gn,閉撰敃氪,sdom,9458173,456,,,12756,165.0
sdom2757,sdom2757k.gn,閉撰敃氪,sdom,9458173,456,,,12757,137.0
sdom2758,sdom2758k.gn,閉撰敃氪,sdom,9458173,456,,,12758,180.0
sdom2759,sdom2759k.gn,閉撰敃氪,sdom,9458173,456,,,12759,192.0
sdom2760,sdom2760k.gn,閉撰敃氪,sdom,9458173,456,,,12760,142.0
sdom2761,sdom2761k.gn,閉撰敃氪,sdom,9458173,456,,,12761,152.0
sdom2762,sdom2762k.gn,閉撰敃氪,sdom,6964435,456,,,12762,130.0
sdom2763,sdom2763k.gn,閉撰敃氪,sdom,9458173,456,,,12763,98.0
sdom2764,sdom2764k.gn,閉撰敃氪,sdom,9458173,456,,,12764,128.0
sdom2765,sdom2765k.gn,閉撰敃氪,sdom,9458173,456,,,12765,140.0
sdom2766,sdom2766k.gn,閉撰敃氪,sdom,9458173,456,,,12766,120.0
sdom2767,sdom2767k.gn,閉撰敃氪,sdom,1044917,456,,,12767,123.0
sdom2768,sdom2768k.gn,閉撰敃氪,sdom,9458173,456,,,12768,108.0
sdom2769,sdom2769k.gn,閉撰敃氪,sdom,9458173,456,,,12769,128.0
sdom2770,sdom2770k.gn,閉撰敃氪,sdom,9458173,456,,,12770,115.0
sdom2771,sdom2771k.gn,閉撰敃氪,sdom,9458173,456,,,12771,106.0
sdom2772,sdom2772k.gn,閉撰敃氪,sdom,9458173,456,,,12772,88.0
sdom2773,sdom2773k.gn,閉撰敃氪,sdom,3628250,456,,,12773,110.0
sdom2774,sdom2774k.gn,閉撰敃氪,sdom,9458173,456,,,12774,130.0
sdom2775,sdom2775k.gn,閉撰敃氪,sdom,9458173,456,,,12775,140.0
sdom2776,sdom2776k.gn,閉撰敃氪,sdom,1044917,456,,,12776,126.0
sdom2777,sdom2777k.gn,閉撰敃氪,sdom,9458173,456,,,12777,100.0
sdom2778,sdom2778k.gn,閉撰敃氪,sdom,9458173,456,,,12778,141.0
sdom2779,sdom2779k.gn,閉撰敃氪,sdom,9458173,456,,,12779,128.0
sdom2780,sdom2780k.gn,閉撰敃氪,sdom,9458173,456,,,12780,145.0
sdom2781,sdom2781k.gn,閉撰敃氪,sdom,9458173,456,,,12781,151.0
sdom2782,sdom2782k.gn,閉撰敃氪,sdom,9458173,456,,,12782,130.0
sdom2783,sdom2783k.gn,閉撰敃氪,sdom,9458173,456,,,12783,128.0
sdom2784,sdom2784k.gn,閉撰敃氪,sdom,9458173,456,,,12784,130.89
sdom2785,sdom2785k.gn,閉撰敃氪,sdom,9458173,456,,,12785,132.0
sdom2786,sdom2786k.gn,閉撰敃氪,sdom,9458173,456,,,12786,120.0
sdom2787,sdom2787k.gn,閉撰敃氪,sdom,9458173,456,,,12787,123.0
sdom2788,sdom2788k.gn,閉撰敃氪,sdom,9458173,456,,,12788,128.0
sdom2789,sdom2789k.gn,閉撰敃氪,sdom,9458173,456,,,12789,125.0
sdom2790,sdom2790k.gn,閉撰敃氪,sdom,3628250,456,,,12790,92.0
sdom2791,sdom2791k.gn,閉撰敃氪,sdom,9458173,456,,,12791,128.0
sdom2792,sdom2792k.gn,閉撰敃氪,sdom,9458173,456,,,12792,88.0
sdom2793,sdom2793k.gn,閉撰敃氪,sdom,9458173,456,,,12793,126.0
sdom2794,sdom2794k.gn,閉撰敃氪,sdom,3628250,456,,,12794,110.0
sdom2795,sdom2795k.gn,閉撰敃氪,sdom,9458173,456,,,12795,144.0
sdom2796,sdom2796k.gn,閉撰敃氪,sdom,9458173,456,,,12796,78.5
sdom2797,sdom2797k.gn,閉撰敃氪,sdom,9458173,456,,,12797,120.0
sdom2798,sdom2798k.gn,閉撰敃氪,sdom,3628250,456,,,12798,105.0
sdom2799,sdom2799k.gn,閉撰敃氪,sdom,9458173,456,,,12799,116.0
sdom2800,sdom2800k.gn,閉撰敃氪,sdom,9458173,456,,,12800,130.0
sdom2801,sdom2801k.gn,閉撰敃氪,sdom,3628250,456,,,12801,138.0
sdom2802,sdom2802k.gn,閉撰敃氪,sdom,3628250,456,,,12802,128.0
sdom2803,sdom2803k.gn,閉撰敃氪,sdom,9458173,456,,,12803,108.0
sdom2804,sdom2804k.gn,閉撰敃氪,sdom,1044917,456,,,12804,88.0
sdom2805,sdom2805k.gn,閉撰敃氪,sdom,9458173,456,,,12805,75.0
sdom2806,sdom2806k.gn,閉撰敃氪,sdom,9458173,456,,,12806,96.0
sdom2807,sdom2807k.gn,閉撰敃氪,sdom,9458173,456,,,12807,145.0
sdom2808,sdom2808k.gn,閉撰敃氪,sdom,1044917,456,,,12808,100.0
sdom2809,sdom2809k.gn,閉撰敃氪,sdom,9458173,456,,,12809,128.0
sdom2810,sdom2810k.gn,閉撰敃氪,sdom,9458173,456,,,12810,128.0
sdom2812,sdom2812k.gn,閉撰敃氪,sdom,9458173,456,,,12812,120.0
sdom2813,sdom2813k.gn,閉撰敃氪,sdom,9458173,456,,,12813,138.0
sdom2814,sdom2814k.gn,閉撰敃氪,sdom,3628250,456,,,12814,90.0
sdom2815,sdom2815k.gn,閉撰敃氪,sdom,9458173,456,,,12815,122.0
sdom2816,sdom2816k.gn,閉撰敃氪,sdom,9458173,456,,,12816,132.0
sdom2817,sdom2817k.gn,閉撰敃氪,sdom,9458173,456,,,12817,132.0
sdom2818,sdom2818k.gn,閉撰敃氪,sdom,9458173,456,,,12818,135.0
sdom2819,sdom2819k.gn,閉撰敃氪,sdom,9458173,456,,,12819,100.0
sdom2820,sdom2820k.gn,閉撰敃氪,sdom,9458173,456,,,12820,128.0
sdom2821,sdom2821k.gn,閉撰敃氪,sdom,9458173,456,,,12821,130.0
sdom2822,sdom2822k.gn,閉撰敃氪,sdom,9458173,456,,,12822,132.0
sdom2823,sdom2823k.gn,閉撰敃氪,sdom,9458173,456,,,12823,128.0
sdom2824,sdom2824k.gn,閉撰敃氪,sdom,9458173,456,,,12824,142.0
sdom2825,sdom2825k.gn,閉撰敃氪,sdom,9458173,456,,,12825,107.0
sdom2826,sdom2826k.gn,閉撰敃氪,sdom,9458173,456,,,12826,92.0
sdom2827,sdom2827k.gn,閉撰敃氪,sdom,9458173,456,,,12827,122.0
sdom2828,sdom2828k.gn,閉撰敃氪,sdom,9458173,456,,,12828,118.0
sdom2829,sdom2829k.gn,閉撰敃氪,sdom,9458173,456,,,12829,95.0
sdom2830,sdom2830k.gn,閉撰敃氪,sdom,9458173,456,,,12830,125.0
sdom2831,sdom2831k.gn,閉撰敃氪,sdom,9458173,456,,,12831,135.0
sdom2832,sdom2832k.gn,閉撰敃氪,sdom,9458173,456,,,12832,122.0
sdom2833,sdom2833k.gn,閉撰敃氪,sdom,9458173,456,,,12833,128.0
sdom2834,sdom2834k.gn,閉撰敃氪,sdom,9458173,456,,,12834,125.0
sdom2835,sdom2835k.gn,閉撰敃氪,sdom,9458173,456,,,12835,102.0
sdom2836,sdom2836k.gn,閉撰敃氪,sdom,9458173,456,,,12836,126.0
sdom2837,sdom2837k.gn,閉撰敃氪,sdom,9458173,456,,,12837,126.0
sdom2838,sdom2838k.gn,閉撰敃氪,sdom,3628250,456,,,12838,90.0
sdom2839,sdom2839k.gn,閉撰敃氪,sdom,9458173,456,,,12839,102.01
sdom2840,sdom2840k.gn,閉撰敃氪,sdom,9458173,456,,,12840,142.0
sdom2841,sdom2841k.gn,閉撰敃氪,sdom,9458173,456,,,12841,122.0
sdom2842,sdom2842k.gn,閉撰敃氪,sdom,9458173,456,,,12842,142.01
sdom2843,sdom2843k.gn,閉撰敃氪,sdom,9458173,456,,,12843,148.0
sdom2844,sdom2844k.gn,閉撰敃氪,sdom,9458173,456,,,12844,138.0
sdom2845,sdom2845k.gn,閉撰敃氪,sdom,9458173,456,,,12845,113.0
sdom2846,sdom2846k.gn,閉撰敃氪,sdom,9458173,456,,,12846,128.0
sdom2847,sdom2847k.gn,閉撰敃氪,sdom,9458173,456,,,12847,104.34
sdom2848,sdom2848k.gn,閉撰敃氪,sdom,3628250,456,,,12848,127.0
sdom2849,sdom2849k.gn,閉撰敃氪,sdom,9458173,456,,,12849,123.0
sdom2850,sdom2850k.gn,閉撰敃氪,sdom,3628250,456,,,12850,120.0
sdom2851,sdom2851k.gn,閉撰敃氪,sdom,9458173,456,,,12851,92.0
sdom2852,sdom2852k.gn,閉撰敃氪,sdom,9458173,456,,,12852,83.0
sdom2853,sdom2853k.gn,閉撰敃氪,sdom,9458173,456,,,12853,134.0
sdom2854,sdom2854k.gn,閉撰敃氪,sdom,9458173,456,,,12854,128.0
sdom2855,sdom2855k.gn,閉撰敃氪,sdom,9458173,456,,,12855,111.0
sdom2856,sdom2856k.gn,閉撰敃氪,sdom,9458173,456,,,12856,114.0
sdom2857,sdom2857k.gn,閉撰敃氪,sdom,9458173,456,,,12857,105.0
sdom2858,sdom2858k.gn,閉撰敃氪,sdom,9458173,456,,,12858,120.0
sdom2859,sdom2859k.gn,閉撰敃氪,sdom,9458173,456,,,12859,100.0
sdom2860,sdom2860k.gn,閉撰敃氪,sdom,9458173,456,,,12860,106.0
sdom2861,sdom2861k.gn,閉撰敃氪,sdom,9458173,456,,,12861,92.0
sdom2862,sdom2862k.gn,閉撰敃氪,sdom,9458173,456,,,12862,104.0
sdom2863,sdom2863k.gn,閉撰敃氪,sdom,9458173,456,,,12863,118.0
sdom2864,sdom2864k.gn,閉撰敃氪,sdom,9458173,456,,,12864,106.0
sdom2865,sdom2865k.gn,閉撰敃氪,sdom,9458173,456,,,12865,108.1
sdom2866,sdom2866k.gn,閉撰敃氪,sdom,9458173,456,,,12866,132.0
sdom2867,sdom2867k.gn,閉撰敃氪,sdom,9458173,456,,,12867,130.0
sdom2868,sdom2868k.gn,閉撰敃氪,sdom,9458173,456,,,12868,100.0
sdom2869,sdom2869k.gn,閉撰敃氪,sdom,9458173,456,,,12869,120.0
sdom2870,sdom2870k.gn,閉撰敃氪,sdom,9458173,456,,,12870,110.0
sdom2871,sdom2871k.gn,閉撰敃氪,sdom,9458173,456,,,12871,103.0
sdom2872,sdom2872k.gn,閉撰敃氪,sdom,9458173,456,,,12872,122.0
sdom2873,sdom2873k.gn,閉撰敃氪,sdom,9458173,456,,,12873,120.0
sdom2874,sdom2874k.gn,閉撰敃氪,sdom,9458173,456,,,12874,126.0
sdom2875,sdom2875k.gn,閉撰敃氪,sdom,9458173,456,,,12875,128.0
sdom2876,sdom2876k.gn,閉撰敃氪,sdom,9458173,456,,,12876,140.0
sdom2877,sdom2877k.gn,閉撰敃氪,sdom,9458173,456,,,12877,120.0
sdom2878,sdom2878k.gn,閉撰敃氪,sdom,9458173,456,,,12878,112.0
sdom2879,sdom2879k.gn,閉撰敃氪,sdom,9458173,456,,,12879,92.0
sdom2880,sdom2880k.gn,閉撰敃氪,sdom,9458173,456,,,12880,100.0
sdom2881,sdom2881k.gn,閉撰敃氪,sdom,9458173,456,,,12881,127.0
sdom2882,sdom2882k.gn,閉撰敃氪,sdom,9458173,456,,,12882,100.0
sdom2883,sdom2883k.gn,閉撰敃氪,sdom,9458173,456,,,12883,96.0
sdom2884,sdom2884k.gn,閉撰敃氪,sdom,9458173,456,,,12884,148.0
sdom2885,sdom2885k.gn,閉撰敃氪,sdom,9458173,456,,,12885,126.0
sdom2886,sdom2886k.gn,閉撰敃氪,sdom,9458173,456,,,12886,118.0
sdom2887,sdom2887k.gn,閉撰敃氪,sdom,9458173,456,,,12887,122.0
sdom2888,sdom2888k.gn,閉撰敃氪,sdom,9458173,456,,,12888,179.95
sdom2889,sdom2889k.gn,閉撰敃氪,sdom,9458173,456,,,12889,175.0
sdom2890,sdom2890k.gn,閉撰敃氪,sdom,9458173,456,,,12890,126.5
sdom2891,sdom2891k.gn,閉撰敃氪,sdom,9458173,456,,,12891,100.0
sdom2892,sdom2892k.gn,閉撰敃氪,sdom,9458173,456,,,12892,149.92
sdom2893,sdom2893k.gn,閉撰敃氪,sdom,9458173,456,,,12893,91.02
sdom2894,sdom2894k.gn,閉撰敃氪,sdom,9458173,456,,,12894,110.02
sdom2895,sdom2895k.gn,閉撰敃氪,sdom,9458173,456,,,12895,119.99
sdom2896,sdom2896k.gn,閉撰敃氪,sdom,9458173,456,,,12896,115.02
sdom2897,sdom2897k.gn,閉撰敃氪,sdom,9458173,456,,,12897,131.01
sdom2898,sdom2898k.gn,閉撰敃氪,sdom,9458173,456,,,12898,87.5
sdom2899,sdom2899k.gn,閉撰敃氪,sdom,9458173,456,,,12899,117.02
sdom2900,sdom2900k.gn,閉撰敃氪,sdom,9458173,456,,,12900,90.0
sdom2901,sdom2901k.gn,閉撰敃氪,sdom,9458173,456,,,12901,87.99
sdom2902,sdom2902k.gn,閉撰敃氪,sdom,9458173,456,,,12140,136.0
sdom2903,sdom2903k.gn,閉撰敃氪,sdom,9458173,456,,,12903,144.01
sdom2904,sdom2904k.gn,閉撰敃氪,sdom,9458173,456,,,12904,108.01
sdom2905,sdom2905k.gn,閉撰敃氪,sdom,9458173,456,,,12905,128.01
sdom2906,sdom2906k.gn,閉撰敃氪,sdom,9458173,456,,,12906,91.35
sdom2907,sdom2907k.gn,閉撰敃氪,sdom,1044917,456,,,12907,120.03
sdom2908,sdom2908k.gn,閉撰敃氪,sdom,9458173,456,,,12908,100.03
sdom2909,sdom2909k.gn,閉撰敃氪,sdom,1044917,456,,,12909,136.0
sdom2910,sdom2910k.gn,閉撰敃氪,sdom,9458173,456,,,12910,99.0
sdom2911,sdom2911k.gn,閉撰敃氪,sdom,3628250,456,,,12911,138.0
sdom2912,sdom2912k.gn,閉撰敃氪,sdom,9458173,456,,,12912,128.93
sdom2913,sdom2913k.gn,閉撰敃氪,sdom,9458173,456,,,12913,122.02
sdom2914,sdom2914k.gn,閉撰敃氪,sdom,9458173,456,,,12914,96.01
sdom2915,sdom2915k.gn,閉撰敃氪,sdom,9458173,456,,,12915,139.99
sdom2916,sdom2916k.gn,閉撰敃氪,sdom,9458173,456,,,12916,108.06
sdom2917,sdom2917k.gn,閉撰敃氪,sdom,1044917,456,,,12917,100.02
sdom2918,sdom2918k.gn,閉撰敃氪,sdom,6271120,456,,,12918,130.01
sdom2919,sdom2919k.gn,閉撰敃氪,sdom,11565634,456,,,12919,100.01
sdom2920,sdom2920k.gn,閉撰敃氪,sdom,4675663,456,,,12920,90.0
sdom2921,sdom2921k.gn,閉撰敃氪,sdom,9458173,456,,,12921,100.03
sdom2922,sdom2922k.gn,閉撰敃氪,sdom,1044917,456,,,12922,117.0
sdom2923,sdom2923k.gn,閉撰敃氪,sdom,736269,456,,,12923,125.31
sdom2924,sdom2924k.gn,閉撰敃氪,sdom,9458173,456,,,12924,99.92
sdom2925,sdom2925k.gn,閉撰敃氪,sdom,10275474,456,,,12925,128.0
sdom2926,sdom2926k.gn,閉撰敃氪,sdom,9458173,456,,,12926,101.74
sdom2927,sdom2927k.gn,閉撰敃氪,sdom,1044917,456,,,12927,99.06
sdom2928,sdom2928k.gn,閉撰敃氪,sdom,736269,456,,,12928,120.0
sdom2929,sdom2929k.gn,閉撰敃氪,sdom,10275474,456,,,12929,100.01
sdom2930,sdom2930k.gn,閉撰敃氪,sdom,7836746,456,,,12930,130.08
sdom2931,sdom2931k.gn,閉撰敃氪,sdom,9458173,456,,,12931,147.04
sdom2932,sdom2932k.gn,閉撰敃氪,sdom,5378792,456,,,12932,123.99
sdom2933,sdom2933k.gn,閉撰敃氪,sdom,16559437,456,,,12933,120.0
sdom2934,sdom2934k.gn,閉撰敃氪,sdom,8967522,456,,,12934,120.01
sdom2935,sdom2935k.gn,閉撰敃氪,sdom,4675663,456,,,12935,160.03
sdom2939,sdom2939k.gn,閉撰敃氪,sdom,1044917,456,,,12939,90.0
sdom2940,sdom2940k.gn,閉撰敃氪,sdom,9458173,456,,,12940,84.02
sdom2941,sdom2941k.gn,閉撰敃氪,sdom,9458173,456,,,12941,128.01
sdom2942,sdom2942k.gn,閉撰敃氪,sdom,9458173,456,,,12942,114.0
sdom2943,sdom2943k.gn,閉撰敃氪,sdom,9458173,456,,,12943,128.0
sdom2944,sdom2944k.gn,閉撰敃氪,sdom,9458173,456,,,12944,100.0
sdom2945,sdom2945k.gn,閉撰敃氪,sdom,9458173,456,,,12945,100.02
sdom2946,sdom2946k.gn,閉撰敃氪,sdom,9458173,456,,,12946,92.95
sdom2947,sdom2947k.gn,閉撰敃氪,sdom,9458173,456,,,12952,140.0
sdom2948,sdom2948k.gn,閉撰敃氪,sdom,9458173,456,,,12948,87.06
sdom2949,sdom2949k.gn,閉撰敃氪,sdom,9458173,456,,,12949,148.03
sdom2950,sdom2950k.gn,閉撰敃氪,sdom,9458173,456,,,12950,155.0
sdom2951,sdom2951k.gn,閉撰敃氪,sdom,9458173,456,,,12951,131.0
sdom2952,sdom2952k.gn,閉撰敃氪,sdom,9458173,456,,,12952,165.0
sdom2953,sdom2953k.gn,閉撰敃氪,sdom,9458173,456,,,12953,180.0
sdom2954,sdom2954k.gn,閉撰敃氪,sdom,9458173,456,,,12954,134.0
sdom2955,sdom2955k.gn,閉撰敃氪,sdom,9458173,456,,,12950,152.0
sdom2956,sdom2956k.gn,閉撰敃氪,sdom,9458173,456,,,12954,146.0
sdom0003,sdom0003K.gn,SDO-X Alchemist,rewu,3628250,,,,10003,140.0
sdom0007,sdom0007K.gn,SDO-X Alchemist,rewu,16559437,,,,10007,113.0
sdom0008,sdom0008K.gn,SDO-X Alchemist,rewu,935380,,,,10008,112.0
sdom0009,sdom0009K.gn,SDO-X Alchemist,rewu,736269,,,,10009,95.0
sdom0011,sdom0011K.gn,SDO-X Alchemist,rewu,8967522,,,,10011,108.0
sdom0015,sdom0015K.gn,SDO-X Alchemist,rewu,4675663,,,,10015,104.0
sdom0016,sdom0016K.gn,SDO-X Alchemist,rewu,13176189,,,,10016,135.0
sdom0020,sdom0020K.gn,SDO-X Alchemist,rewu,5277227,,,,10020,118.0
sdom0022,sdom0022K.gn,SDO-X Alchemist,rewu,5771106,,,,10022,106.0
sdom0025,sdom0025K.gn,SDO-X Alchemist,rewu,11049386,,,,10025,100.0
sdom0028,sdom0028K.gn,SDO-X Alchemist,rewu,2513999,,,,10028,133.0
sdom0029,sdom0029K.gn,SDO-X Alchemist,rewu,10989279,,,,10029,110.0
sdom0030,sdom0030K.gn,SDO-X Alchemist,rewu,3357660,,,,10030,86.3
sdom0031,sdom0031K.gn,SDO-X Alchemist,rewu,6694286,,,,10031,109.0
sdom0034,sdom0034K.gn,SDO-X Alchemist,rewu,773710,,,,10034,86.03
sdom0040,sdom0040K.gn,SDO-X Alchemist,rewu,15860471,,,,10040,137.7
sdom0042,sdom0042K.gn,SDO-X Alchemist,rewu,10576520,,,,10042,121.0
sdom0044,sdom0044K.gn,SDO-X Alchemist,rewu,7678725,,,,10044,190.0
sdom0045,sdom0045K.gn,SDO-X Alchemist,rewu,9204615,,,,10045,102.0
sdom0049,sdom0049K.gn,SDO-X Alchemist,rewu,15011304,,,,10049,101.0
sdom0050,sdom0050K.gn,SDO-X Alchemist,rewu,13417363,,,,10050,100.2
sdom0051,sdom0051K.gn,SDO-X Alchemist,rewu,2935808,,,,10051,98.0
sdom0053,sdom0053K.gn,SDO-X Alchemist,rewu,8332380,,,,10053,138.0
sdom0054,sdom0054K.gn,SDO-X Alchemist,rewu,4382750,,,,10054,92.0
sdom0057,sdom0057K.gn,SDO-X Alchemist,rewu,10486374,,,,10057,97.0
sdom0058,sdom0058K.gn,SDO-X Alchemist,rewu,2925639,,,,10058,123.0
sdom0060,sdom0060K.gn,SDO-X Alchemist,rewu,12292144,,,,10060,90.9
sdom0061,sdom0061K.gn,SDO-X Alchemist,rewu,4992087,,,,10061,102.0
sdom0062,sdom0062K.gn,SDO-X Alchemist,rewu,10888759,,,,10062,180.0
sdom0064,sdom0064K.gn,SDO-X Alchemist,rewu,6639481,,,,10064,129.0
sdom0065,sdom0065K.gn,SDO-X Alchemist,rewu,9984874,,,,10065,92.5
sdom0067,sdom0067K.gn,SDO-X Alchemist,rewu,12261782,,,,10067,125.01
sdom0068,sdom0068K.gn,SDO-X Alchemist,rewu,16373217,,,,10068,99.2
sdom0070,sdom0070K.gn,SDO-X Alchemist,rewu,774425,,,,10070,90.0
sdom0072,sdom0072K.gn,SDO-X Alchemist,rewu,3234680,,,,10072,155.0
sdom0074,sdom0074K.gn,SDO-X Alchemist,rewu,14346925,,,,10074,126.0
sdom0077,sdom0077K.gn,SDO-X Alchemist,rewu,984209,,,,10077,133.0
sdom0078,sdom0078K.gn,SDO-X Alchemist,rewu,1337742,,,,10078,106.0
sdom0079,sdom0079K.gn,SDO-X Alchemist,rewu,14557459,,,,10079,98.95
sdom0080,sdom0080K.gn,SDO-X Alchemist,rewu,11717824,,,,10080,118.9
sdom0082,sdom0082K.gn,SDO-X Alchemist,rewu,15893996,,,,10082,152.3
sdom0088,sdom0088K.gn,SDO-X Alchemist,rewu,3653280,,,,10088,140.9
sdom0089,sdom0089K.gn,SDO-X Alchemist,rewu,9559007,,,,10089,155.0
sdom0090,sdom0090K.gn,SDO-X Alchemist,rewu,7691599,,,,10090,120.0
sdom0097,sdom0097K.gn,SDO-X Alchemist,rewu,5850783,,,,10097,79.0
sdom0098,sdom0098K.gn,SDO-X Alchemist,rewu,14047299,,,,10098,88.0
sdom0101,sdom0101K.gn,SDO-X Alchemist,rewu,13179332,,,,10101,108.0
sdom0102,sdom0102K.gn,SDO-X Alchemist,rewu,12232688,,,,10102,82.0
sdom0104,sdom0104K.gn,SDO-X Alchemist,rewu,12961473,,,,10104,93.0
sdom0105,sdom0105K.gn,SDO-X Alchemist,rewu,5570672,,,,10105,115.0
sdom0106,sdom0106K.gn,SDO-X Alchemist,rewu,8781121,,,,10106,142.0
sdom0112,sdom0112K.gn,SDO-X Alchemist,rewu,213766,,,,10112,104.0
sdom0116,sdom0116K.gn,SDO-X Alchemist,rewu,10625875,,,,10116,100.5
sdom0119,sdom0119K.gn,SDO-X Alchemist,rewu,16345843,,,,10119,100.0
sdom0120,sdom0120K.gn,SDO-X Alchemist,rewu,6739203,,,,10120,146.56
sdom0121,sdom0121K.gn,SDO-X Alchemist,rewu,4755749,,,,10121,100.0
sdom0126,sdom0126K.gn,SDO-X Alchemist,rewu,3970459,,,,10126,105.0
sdom0130,sdom0130K.gn,SDO-X Alchemist,rewu,9451702,,,,10130,118.0
sdom0136,sdom0136K.gn,SDO-X Alchemist,rewu,13966464,,,,10136,126.0
sdom0149,sdom0149K.gn,SDO-X Alchemist,rewu,12180811,,,,10149,108.0
sdom0150,sdom0150K.gn,SDO-X Alchemist,rewu,1224969,,,,10150,117.0
sdom0152,sdom0152K.gn,SDO-X Alchemist,rewu,7442253,,,,10152,106.1
sdom0153,sdom0153K.gn,SDO-X Alchemist,rewu,5282049,,,,10153,134.0
sdom0158,sdom0158K.gn,SDO-X Alchemist,rewu,11931037,,,,10158,126.0
sdom0159,sdom0159K.gn,SDO-X Alchemist,rewu,7957475,,,,10159,90.0
sdom0160,sdom0160K.gn,SDO-X Alchemist,rewu,8619404,,,,10160,112.0
sdom0161,sdom0161K.gn,SDO-X Alchemist,rewu,9458173,,,,10161,102.0
sdom0162,sdom0162K.gn,SDO-X Alchemist,rewu,9458173,,,,10162,110.0
sdom0163,sdom0163K.gn,SDO-X Alchemist,rewu,5378792,,,,10163,98.0
sdom0164,sdom0164K.gn,SDO-X Alchemist,rewu,6913807,,,,10164,100.0
sdom0165,sdom0165K.gn,SDO-X Alchemist,rewu,3628250,,,,10165,140.84
sdom0166,sdom0166K.gn,SDO-X Alchemist,rewu,6964435,,,,10166,103.0
sdom0168,sdom0168K.gn,SDO-X Alchemist,rewu,9458173,,,,10168,119.02
sdom0174,sdom0174K.gn,SDO-X Alchemist,rewu,5378792,,,,10174,140.0
sdom0176,sdom0176K.gn,SDO-X Alchemist,rewu,3642317,,,,10176,112.02
sdom0177,sdom0177K.gn,SDO-X Alchemist,rewu,6913807,,,,10177,134.0
sdom0181,sdom0181K.gn,SDO-X Alchemist,rewu,6964435,,,,10181,119.79
sdom0183,sdom0183K.gn,SDO-X Alchemist,rewu,11602070,,,,10183,136.0
sdom0184,sdom0184K.gn,SDO-X Alchemist,rewu,1590899,,,,10184,120.0
sdom0186,sdom0186K.gn,SDO-X Alchemist,rewu,12602383,,,,10186,212.0
sdom0190,sdom0190K.gn,SDO-X Alchemist,rewu,8510657,,,,10190,110.0
sdom0192,sdom0192K.gn,SDO-X Alchemist,rewu,11182814,,,,10192,108.01
sdom0194,sdom0194K.gn,SDO-X Alchemist,rewu,3051745,,,,10194,129.87
sdom0196,sdom0196K.gn,SDO-X Alchemist,rewu,13896831,,,,10196,100.0
sdom0201,sdom0201K.gn,SDO-X Alchemist,rewu,935380,,,,10201,89.3
sdom0205,sdom0205K.gn,SDO-X Alchemist,rewu,15342964,,,,10205,99.0
sdom0206,sdom0206K.gn,SDO-X Alchemist,rewu,9223621,,,,10206,90.0
sdom0207,sdom0207K.gn,SDO-X Alchemist,rewu,8967522,,,,10207,112.0
sdom0208,sdom0208K.gn,SDO-X Alchemist,rewu,1460525,,,,10208,124.05
sdom0210,sdom0210K.gn,SDO-X Alchemist,rewu,9247197,,,,10210,93.0
sdom0212,sdom0212K.gn,SDO-X Alchemist,rewu,12424644,,,,10212,105.22
sdom0213,sdom0213K.gn,SDO-X Alchemist,rewu,14165003,,,,10213,99.0
sdom0214,sdom0214K.gn,SDO-X Alchemist,rewu,8924624,,,,10214,88.0
sdom0216,sdom0216K.gn,SDO-X Alchemist,rewu,9505885,,,,10216,105.0
sdom0219,sdom0219K.gn,SDO-X Alchemist,rewu,2469833,,,,10219,105.2
sdom0220,sdom0220K.gn,SDO-X Alchemist,rewu,5378792,,,,10220,91.0
sdom0221,sdom0221K.gn,SDO-X Alchemist,rewu,2225663,,,,10221,128.0
sdom0222,sdom0222K.gn,SDO-X Alchemist,rewu,5781868,,,,10222,113.0
sdom0223,sdom0223K.gn,SDO-X Alchemist,rewu,1044917,,,,10223,112.0
sdom0224,sdom0224K.gn,SDO-X Alchemist,rewu,9100773,,,,10224,98.0
sdom0227,sdom0227K.gn,SDO-X Alchemist,rewu,16464953,,,,10227,96.0
sdom0228,sdom0228K.gn,SDO-X Alchemist,rewu,947530,,,,10228,117.0
sdom0229,sdom0229K.gn,SDO-X Alchemist,rewu,2107198,,,,10229,93.0
sdom0245,sdom0245K.gn,SDO-X Alchemist,rewu,9458173,,,,10245,101.0
sdom0246,sdom0246K.gn,SDO-X Alchemist,rewu,5378792,,,,10246,148.0
sdom0247,sdom0247K.gn,SDO-X Alchemist,rewu,3628250,,,,10247,95.0
sdom0248,sdom0248K.gn,SDO-X Alchemist,rewu,11602070,,,,10248,105.95
sdom0249,sdom0249K.gn,SDO-X Alchemist,rewu,1044917,,,,10249,128.0
sdom0251,sdom0251K.gn,SDO-X Alchemist,rewu,9458173,,,,10251,90.0
sdom0252,sdom0252K.gn,SDO-X Alchemist,rewu,935380,,,,10252,160.0
sdom0253,sdom0253K.gn,SDO-X Alchemist,rewu,736269,,,,10253,70.0
sdom0254,sdom0254K.gn,SDO-X Alchemist,rewu,9458173,,,,10254,100.0
sdom0255,sdom0255K.gn,SDO-X Alchemist,rewu,5378792,,,,10255,103.66
sdom0256,sdom0256k.gn,SDO-X Alchemist,rewu,9458173,,,,10256,165.0
sdom0257,sdom0257K.gn,SDO-X Alchemist,rewu,11602070,,,,10257,140.0
sdom0258,sdom0258k.gn,SDO-X Alchemist,rewu,5378792,,,,10258,125.0
sdom0274,sdom0274k.gn,SDO-X Alchemist,rewu,9458173,,,,10274,102.0
sdom0275,sdom0275k.gn,SDO-X Alchemist,rewu,5378792,,,,10275,75.0
sdom0277,sdom0277k.gn,SDO-X Alchemist,rewu,9458173,,,,10277,110.0
sdom0278,sdom0278k.gn,SDO-X Alchemist,rewu,9458173,,,,10278,120.0
sdom0281,sdom0281k.gn,SDO-X Alchemist,rewu,5378792,,,,10281,107.94
sdom0282,sdom0282k.gn,SDO-X Alchemist,rewu,9458173,,,,10282,115.0
sdom0284,sdom0284k.gn,SDO-X Alchemist,rewu,9458173,,,,10284,118.1
sdom0287,sdom0287k.gn,SDO-X Alchemist,rewu,3628250,,,,10287,103.0
sdom0288,sdom0288k.gn,SDO-X Alchemist,rewu,11602070,,,,10288,142.08
sdom0289,sdom0289k.gn,SDO-X Alchemist,rewu,3628250,,,,10289,132.01
sdom0291,sdom0291k.gn,SDO-X Alchemist,rewu,5378792,,,,10291,153.0
sdom0292,sdom0292k.gn,SDO-X Alchemist,rewu,3628250,,,,10292,131.0
sdom0293,sdom0293k.gn,SDO-X Alchemist,rewu,7935477,,,,10293,116.0
sdom0296,sdom0296k.gn,SDO-X Alchemist,rewu,1044917,,,,10296,105.01
sdom0297,sdom0297k.gn,SDO-X Alchemist,rewu,11823522,,,,10297,125.0
sdom0300,sdom0300k.gn,SDO-X Alchemist,rewu,11823522,,,,10300,99.39
sdom0302,sdom0302k.gn,SDO-X Alchemist,rewu,16559437,,,,10302,145.07
sdom0305,sdom0305k.gn,SDO-X Alchemist,rewu,935380,,,,10305,120.64
sdom0306,sdom0306k.gn,SDO-X Alchemist,rewu,736269,,,,10306,110.0
sdom0307,sdom0307k.gn,SDO-X Alchemist,rewu,5378792,,,,10307,134.0
sdom0308,sdom0308k.gn,SDO-X Alchemist,rewu,736269,,,,10308,106.0
sdom0309,sdom0309k.gn,SDO-X Alchemist,rewu,3628250,,,,10309,66.0
sdom0310,sdom0310k.gn,SDO-X Alchemist,rewu,935380,,,,10310,63.0
sdom0312,sdom0312k.gn,SDO-X Alchemist,rewu,7751303,,,,10312,125.01
sdom0330,sdom0330k.gn,SDO-X Alchemist,rewu,9458173,,,,10330,124.0
sdom0348,sdom0348k.gn,SDO-X Alchemist,rewu,9458173,,,,10348,124.0
sdom0349,sdom0349k.gn,SDO-X Alchemist,rewu,9458173,,,,10349,120.0
sdom0353,sdom0353k.gn,SDO-X Alchemist,rewu,3628250,,,,10353,98.7
sdom0354,sdom0354k.gn,SDO-X Alchemist,rewu,11602070,,,,10354,66.0
sdom0355,sdom0355k.gn,SDO-X Alchemist,rewu,1044917,,,,10355,105.01
sdom0356,sdom0356k.gn,SDO-X Alchemist,rewu,11823522,,,,10356,74.01
sdom0396,sdom0396k.gn,SDO-X Alchemist,rewu,9458173,,,,10396,115.01
sdom0397,sdom0397k.gn,SDO-X Alchemist,rewu,9458173,,,,10397,102.0
sdom0398,sdom0398k.gn,SDO-X Alchemist,rewu,9458173,,,,10398,101.96
sdom0399,sdom0399k.gn,SDO-X Alchemist,rewu,9458173,,,,10399,120.0
sdom0401,sdom0401k.gn,SDO-X Alchemist,rewu,10275474,,,,10401,128.0
sdom0402,sdom0402k.gn,SDO-X Alchemist,rewu,3628250,,,,10402,124.0
sdom0406,sdom0406k.gn,SDO-X Alchemist,rewu,1044917,,,,10406,162.0
sdom0409,sdom0409k.gn,SDO-X Alchemist,rewu,9175850,,,,10409,140.0
sdom0410,sdom0410k.gn,SDO-X Alchemist,rewu,3628250,,,,10410,96.0
sdom0411,sdom0411k.gn,SDO-X Alchemist,rewu,4675663,,,,10411,110.0
sdom0412,sdom0412k.gn,SDO-X Alchemist,rewu,11823522,,,,10412,126.0
sdom0414,sdom0414k.gn,SDO-X Alchemist,rewu,9458173,,,,10414,123.0
sdom0415,sdom0415k.gn,SDO-X Alchemist,rewu,9458173,,,,10415,150.0
sdom0439,sdom0439k.gn,SDO-X Alchemist,rewu,9458173,,,,10439,148.0
sdom0446,sdom0446k.gn,SDO-X Alchemist,rewu,3628250,,,,10446,115.0
sdom0574,sdom0574k.gn,SDO-X Alchemist,rewu,9458173,,,,10574,134.72
sdom0575,sdom0575k.gn,SDO-X Alchemist,rewu,5378792,,,,10575,99.0
sdom0576,sdom0576k.gn,SDO-X Alchemist,rewu,3628250,,,,10576,141.0
sdom0577,sdom0577k.gn,SDO-X Alchemist,rewu,9458173,,,,10577,140.0
sdom0578,sdom0578k.gn,SDO-X Alchemist,rewu,9458173,,,,10578,103.0
sdom0579,sdom0579k.gn,SDO-X Alchemist,rewu,9458173,,,,10579,126.0
sdom0580,sdom0580k.gn,SDO-X Alchemist,rewu,11602070,,,,10580,118.0
sdom0581,sdom0581k.gn,SDO-X Alchemist,rewu,1044917,,,,10581,131.0
sdom0582,sdom0582k.gn,SDO-X Alchemist,rewu,11823522,,,,10582,120.0
sdom0583,sdom0583k.gn,SDO-X Alchemist,rewu,16559437,,,,10583,142.0
sdom0584,sdom0584k.gn,SDO-X Alchemist,rewu,9458173,,,,10584,170.0
sdom0585,sdom0585k.gn,SDO-X Alchemist,rewu,5378792,,,,10585,97.55
sdom0586,sdom0586k.gn,SDO-X Alchemist,rewu,5378792,,,,10586,132.0
sdom0587,sdom0587k.gn,SDO-X Alchemist,rewu,3628250,,,,10587,152.0
sdom0588,sdom0588k.gn,SDO-X Alchemist,rewu,11602070,,,,10588,151.0
sdom0589,sdom0589k.gn,SDO-X Alchemist,rewu,1044917,,,,10589,145.0
sdom0590,sdom0590k.gn,SDO-X Alchemist,rewu,5378792,,,,10590,85.0
sdom0591,sdom0591k.gn,SDO-X Alchemist,rewu,11823522,,,,10591,160.0
sdom0592,sdom0592k.gn,SDO-X Alchemist,rewu,16559437,,,,10592,81.0
sdom0593,sdom0593k.gn,SDO-X Alchemist,rewu,935380,,,,10593,136.0
sdom0594,sdom0594k.gn,SDO-X Alchemist,rewu,736269,,,,10594,143.0
sdom0595,sdom0595k.gn,SDO-X Alchemist,rewu,5378792,,,,10595,124.15
sdom0596,sdom0596k.gn,SDO-X Alchemist,rewu,3628250,,,,10596,136.0
sdom0985,sdom0985k.gn,SDO-X Alchemist,rewu,9458173,,,,10985,248.0
sdom1111,sdom1111k.gn,SDO-X Alchemist,rewu,1044917,,,,11111,125.0
sdom1112,sdom1112k.gn,SDO-X Alchemist,rewu,11602070,,,,11112,128.0
sdom1113,sdom1113k.gn,SDO-X Alchemist,rewu,1044917,,,,11113,130.0
sdom1114,sdom1114k.gn,SDO-X Alchemist,rewu,16559437,,,,11114,128.0
sdom1115,sdom1115k.gn,SDO-X Alchemist,rewu,9458173,,,,11115,128.0
sdom1170,sdom1170k.gn,SDO-X Alchemist,rewu,6913807,,,,11170,134.0
sdom1171,sdom1171k.gn,SDO-X Alchemist,rewu,11602070,,,,11171,120.0
sdom1172,sdom1172k.gn,SDO-X Alchemist,rewu,6913807,,,,11172,125.02
sdom1174,sdom1174k.gn,SDO-X Alchemist,rewu,14955976,,,,11174,138.0
sdom1175,sdom1175k.gn,SDO-X Alchemist,rewu,7751303,,,,11175,84.0
sdom1176,sdom1176k.gn,SDO-X Alchemist,rewu,9458173,,,,11176,130.0
sdom1177,sdom1177k.gn,SDO-X Alchemist,rewu,6913807,,,,11177,130.0
sdom1178,sdom1178k.gn,SDO-X Alchemist,rewu,9458173,,,,11178,170.0
sdom1179,sdom1179k.gn,SDO-X Alchemist,rewu,3628250,,,,11179,124.99
sdom1180,sdom1180k.gn,SDO-X Alchemist,rewu,7935477,,,,11180,107.0
sdom1184,sdom1184k.gn,SDO-X Alchemist,rewu,13403338,,,,11184,118.0
sdom1185,sdom1185k.gn,SDO-X Alchemist,rewu,9458173,,,,11185,138.0
sdom1186,sdom1186k.gn,SDO-X Alchemist,rewu,6913807,,,,11186,65.0
sdom1187,sdom1187k.gn,SDO-X Alchemist,rewu,16455100,,,,11187,168.0
sdom1189,sdom1189k.gn,SDO-X Alchemist,rewu,9458173,,,,11189,107.0
sdom1190,sdom1190k.gn,SDO-X Alchemist,rewu,6913807,,,,11190,109.87
sdom1192,sdom1192k.gn,SDO-X Alchemist,rewu,7935477,,,,11192,106.0
sdom1193,sdom1193k.gn,SDO-X Alchemist,rewu,16559437,,,,11193,122.7
sdom1195,sdom1195k.gn,SDO-X Alchemist,rewu,7751303,,,,11195,135.0
sdom1196,sdom1196k.gn,SDO-X Alchemist,rewu,13403338,,,,11196,109.0
sdom1198,sdom1198k.gn,SDO-X Alchemist,rewu,14937645,,,,11198,142.01
sdom1227,sdom1227k.gn,SDO-X Alchemist,rewu,9458173,,,,11227,170.0
sdom1281,sdom1281k.gn,SDO-X Alchemist,rewu,9458173,,,,11281,155.0
sdom1282,sdom1282k.gn,SDO-X Alchemist,rewu,9458173,,,,11282,114.5
sdom1284,sdom1284k.gn,SDO-X Alchemist,rewu,7935477,,,,11284,142.0
sdom1286,sdom1286k.gn,SDO-X Alchemist,rewu,223976,,,,11286,135.0
sdom1287,sdom1287k.gn,SDO-X Alchemist,rewu,9458173,,,,11287,106.0
sdom1288,sdom1288k.gn,SDO-X Alchemist,rewu,3628250,,,,11288,114.1
sdom1289,sdom1289k.gn,SDO-X Alchemist,rewu,9458173,,,,11289,128.0
sdom1290,sdom1290k.gn,SDO-X Alchemist,rewu,9458173,,,,11290,132.0
sdom1291,sdom1291k.gn,SDO-X Alchemist,rewu,9458173,,,,11291,123.0
sdom1292,sdom1292k.gn,SDO-X Alchemist,rewu,6913807,,,,11292,110.0
sdom1294,sdom1294k.gn,SDO-X Alchemist,rewu,7935477,,,,11294,155.15
sdom1295,sdom1295k.gn,SDO-X Alchemist,rewu,16559437,,,,11295,120.0
sdom1297,sdom1297k.gn,SDO-X Alchemist,rewu,7751303,,,,11297,124.0
sdom1300,sdom1300k.gn,SDO-X Alchemist,rewu,6913807,,,,11300,119.0
sdom1301,sdom1301k.gn,SDO-X Alchemist,rewu,11602070,,,,11301,134.01
sdom1302,sdom1302k.gn,SDO-X Alchemist,rewu,7935477,,,,11302,116.0
sdom1303,sdom1303k.gn,SDO-X Alchemist,rewu,16559437,,,,11303,124.0
sdom1304,sdom1304k.gn,SDO-X Alchemist,rewu,223976,,,,11304,122.0
sdom1307,sdom1307k.gn,SDO-X Alchemist,rewu,9458173,,,,11307,130.0
sdom1308,sdom1308k.gn,SDO-X Alchemist,rewu,1044917,,,,11308,128.0
sdom1310,sdom1310k.gn,SDO-X Alchemist,rewu,7935477,,,,11310,144.0
sdom1346,sdom1346k.gn,SDO-X Alchemist,rewu,9458173,,,,11346,115.01
sdom1347,sdom1347k.gn,SDO-X Alchemist,rewu,9458173,,,,11347,100.0
sdom1348,sdom1348k.gn,SDO-X Alchemist,rewu,3628250,,,,11348,128.0
sdom1349,sdom1349k.gn,SDO-X Alchemist,rewu,9458173,,,,11349,140.0
sdom1350,sdom1350k.gn,SDO-X Alchemist,rewu,16559437,,,,11350,138.0
sdom1351,sdom1351k.gn,SDO-X Alchemist,rewu,9458173,,,,11351,100.0
sdom1356,sdom1356k.gn,SDO-X Alchemist,rewu,1044917,,,,11356,120.0
sdom1359,sdom1359k.gn,SDO-X Alchemist,rewu,5378792,,,,11359,140.0
sdom1360,sdom1360k.gn,SDO-X Alchemist,rewu,9458173,,,,11360,140.0
sdom1362,sdom1362k.gn,SDO-X Alchemist,rewu,8967522,,,,11362,125.0
sdom1364,sdom1364k.gn,SDO-X Alchemist,rewu,10275474,,,,11364,130.0
sdom1365,sdom1365k.gn,SDO-X Alchemist,rewu,11602070,,,,11365,105.0
sdom1409,sdom1409k.gn,SDO-X Alchemist,rewu,9458173,,,,11409,128.0
sdom1411,sdom1411k.gn,SDO-X Alchemist,rewu,16559437,,,,11411,130.0
sdom1412,sdom1412k.gn,SDO-X Alchemist,rewu,9458173,,,,11412,92.5
sdom1413,sdom1413k.gn,SDO-X Alchemist,rewu,14955976,,,,11413,137.01
sdom1414,sdom1414k.gn,SDO-X Alchemist,rewu,10275474,,,,11414,166.0
sdom1416,sdom1416k.gn,SDO-X Alchemist,rewu,5378792,,,,11416,142.0
sdom1418,sdom1418k.gn,SDO-X Alchemist,rewu,14955976,,,,11418,125.0
sdom1419,sdom1419k.gn,SDO-X Alchemist,rewu,3628250,,,,11419,122.0
sdom1420,sdom1420k.gn,SDO-X Alchemist,rewu,3628250,,,,11420,122.0
sdom1421,sdom1421k.gn,SDO-X Alchemist,rewu,16559437,,,,11421,134.0
sdom1423,sdom1423k.gn,SDO-X Alchemist,rewu,8967522,,,,11423,127.0
sdom1424,sdom1424k.gn,SDO-X Alchemist,rewu,10275474,,,,11424,117.0
sdom1426,sdom1426k.gn,SDO-X Alchemist,rewu,5378792,,,,11426,123.0
sdom1429,sdom1429k.gn,SDO-X Alchemist,rewu,9458173,,,,11429,126.0
sdom1432,sdom1432k.gn,SDO-X Alchemist,rewu,8967522,,,,11432,132.0
sdom1434,sdom1434k.gn,SDO-X Alchemist,rewu,4675663,,,,11434,127.0
sdom1436,sdom1436k.gn,SDO-X Alchemist,rewu,6271120,,,,11436,100.0
sdom1437,sdom1437k.gn,SDO-X Alchemist,rewu,5194969,,,,11437,120.0
sdom1439,sdom1439k.gn,SDO-X Alchemist,rewu,9458173,,,,11439,125.0
sdom1440,sdom1440k.gn,SDO-X Alchemist,rewu,9458173,,,,11440,130.0
sdom1533,sdom1533k.gn,SDO-X Alchemist,rewu,9458173,,,,11533,108.0
sdom1550,sdom1550k.gn,SDO-X Alchemist,rewu,9458173,,,,11550,132.0
sdom1556,sdom1556k.gn,SDO-X Alchemist,rewu,9458173,,,,11556,132.96
sdom1558,sdom1558k.gn,SDO-X Alchemist,rewu,1044917,,,,11558,132.0
sdom1559,sdom1559k.gn,SDO-X Alchemist,rewu,9458173,,,,11559,132.0
sdom1569,sdom1569k.gn,SDO-X Alchemist,rewu,9458173,,,,11569,120.0
sdom1570,sdom1570k.gn,SDO-X Alchemist,rewu,9458173,,,,11570,117.0
sdom1571,sdom1571k.gn,SDO-X Alchemist,rewu,9458173,,,,11571,130.0
sdom1576,sdom1576k.gn,SDO-X Alchemist,rewu,6271120,,,,11576,134.0
sdom1577,sdom1577k.gn,SDO-X Alchemist,rewu,1044917,,,,11577,140.0
sdom1578,sdom1578k.gn,SDO-X Alchemist,rewu,16559437,,,,11578,118.0
sdom1580,sdom1580k.gn,SDO-X Alchemist,rewu,1044917,,,,11580,124.0
sdom1582,sdom1582k.gn,SDO-X Alchemist,rewu,16559437,,,,11582,130.0
sdom1616,sdom1616k.gn,SDO-X Alchemist,rewu,3628250,,,,11616,124.0
sdom1619,sdom1619k.gn,SDO-X Alchemist,rewu,4675663,,,,11619,148.0
sdom1620,sdom1620k.gn,SDO-X Alchemist,rewu,9458173,,,,11620,127.0
sdom1621,sdom1621k.gn,SDO-X Alchemist,rewu,736269,,,,11621,104.0
sdom1622,sdom1622k.gn,SDO-X Alchemist,rewu,16559437,,,,11622,134.0
sdom1628,sdom1628k.gn,SDO-X Alchemist,rewu,9458173,,,,11628,150.0
sdom1629,sdom1629k.gn,SDO-X Alchemist,rewu,1044917,,,,11629,128.0
sdom1631,sdom1631k.gn,SDO-X Alchemist,rewu,16559437,,,,11631,140.0
sdom1687,sdom1687k.gn,SDO-X Alchemist,rewu,9458173,,,,11687,131.0
sdom1690,sdom1690k.gn,SDO-X Alchemist,rewu,10275474,,,,11690,118.0
sdom1691,sdom1691k.gn,SDO-X Alchemist,rewu,9458173,,,,11691,127.0
sdom1692,sdom1692k.gn,SDO-X Alchemist,rewu,1044917,,,,11692,117.02
sdom1694,sdom1694k.gn,SDO-X Alchemist,rewu,5194969,,,,11694,130.0
sdom1696,sdom1696k.gn,SDO-X Alchemist,rewu,1044917,,,,11696,92.0
sdom1697,sdom1697k.gn,SDO-X Alchemist,rewu,9458173,,,,11697,96.0
sdom1701,sdom1701k.gn,SDO-X Alchemist,rewu,9458173,,,,11701,125.0
sdom1707,sdom1707k.gn,SDO-X Alchemist,rewu,1044917,,,,11707,130.0
sdom1712,sdom1712k.gn,SDO-X Alchemist,rewu,10989279,,,,11712,102.0
sdom1713,sdom1713k.gn,SDO-X Alchemist,rewu,10989279,,,,11713,131.0
sdom1714,sdom1714k.gn,SDO-X Alchemist,rewu,7238537,,,,11714,98.0
sdom1734,sdom1734k.gn,SDO-X Alchemist,rewu,10486374,,,,11734,130.0
sdom1735,sdom1735k.gn,SDO-X Alchemist,rewu,4992087,,,,11735,118.0
sdom1744,sdom1744k.gn,SDO-X Alchemist,rewu,6694286,,,,11744,118.0
sdom1745,sdom1745k.gn,SDO-X Alchemist,rewu,1829420,,,,11745,109.0
sdom1747,sdom1747k.gn,SDO-X Alchemist,rewu,855752,,,,11747,124.0
sdom1748,sdom1748k.gn,SDO-X Alchemist,rewu,2935808,,,,11748,120.0
sdom1749,sdom1749k.gn,SDO-X Alchemist,rewu,11815907,,,,11749,127.0
sdom1750,sdom1750k.gn,SDO-X Alchemist,rewu,4992087,,,,11750,132.0
sdom1751,sdom1751k.gn,SDO-X Alchemist,rewu,16052177,,,,11751,100.92
sdom1752,sdom1752k.gn,SDO-X Alchemist,rewu,774425,,,,11752,128.0
sdom1753,sdom1753k.gn,SDO-X Alchemist,rewu,9458173,,,,11753,118.0
sdom1754,sdom1754k.gn,SDO-X Alchemist,rewu,9458173,,,,11754,120.0
sdom1755,sdom1755k.gn,SDO-X Alchemist,rewu,11823522,,,,11755,105.0
sdom1756,sdom1756k.gn,SDO-X Alchemist,rewu,9175850,,,,11756,89.0
sdom1771,sdom1771k.gn,SDO-X Alchemist,rewu,9458173,,,,11771,153.0
sdom1774,sdom1774k.gn,SDO-X Alchemist,rewu,1044917,,,,11774,174.0
sdom1776,sdom1776k.gn,SDO-X Alchemist,rewu,736269,,,,11776,120.0
sdom1777,sdom1777k.gn,SDO-X Alchemist,rewu,8967522,,,,11777,125.0
sdom1778,sdom1778k.gn,SDO-X Alchemist,rewu,10275474,,,,11778,128.0
sdom1780,sdom1780k.gn,SDO-X Alchemist,rewu,7836746,,,,11780,125.0
sdom1781,sdom1781k.gn,SDO-X Alchemist,rewu,6271120,,,,11781,122.5
sdom1782,sdom1782k.gn,SDO-X Alchemist,rewu,9458173,,,,11782,116.0
sdom1785,sdom1785k.gn,SDO-X Alchemist,rewu,9458173,,,,11785,128.0
sdom1786,sdom1786k.gn,SDO-X Alchemist,rewu,9458173,,,,11786,161.0
sdom1787,sdom1787k.gn,SDO-X Alchemist,rewu,3628250,,,,11787,103.0
sdom1788,sdom1788k.gn,SDO-X Alchemist,rewu,9458173,,,,11788,127.0
sdom1789,sdom1789k.gn,SDO-X Alchemist,rewu,9458173,,,,11789,124.0
sdom1790,sdom1790k.gn,SDO-X Alchemist,rewu,1044917,,,,11790,160.0
sdom1791,sdom1791k.gn,SDO-X Alchemist,rewu,1044917,,,,11791,145.0
sdom1796,sdom1796k.gn,SDO-X Alchemist,rewu,8967522,,,,11796,130.0
sdom1798,sdom1798k.gn,SDO-X Alchemist,rewu,4675663,,,,11798,120.0
sdom1850,sdom1850k.gn,SDO-X Alchemist,rewu,16559437,,,,11850,130.0
sdom1868,sdom1868k.gn,SDO-X Alchemist,rewu,7238537,,,,11868,90.0
sdom1869,sdom1869k.gn,SDO-X Alchemist,rewu,11096582,,,,11869,131.0
sdom1870,sdom1870k.gn,SDO-X Alchemist,rewu,11499531,,,,11870,127.0
sdom1872,sdom1872k.gn,SDO-X Alchemist,rewu,14909828,,,,11872,110.0
sdom1874,sdom1874k.gn,SDO-X Alchemist,rewu,9204615,,,,11874,125.0
sdom1875,sdom1875k.gn,SDO-X Alchemist,rewu,7935477,,,,11875,134.0
sdom1876,sdom1876k.gn,SDO-X Alchemist,rewu,11823522,,,,11876,150.0
sdom1963,sdom1963k.gn,SDO-X Alchemist,rewu,5194969,,,,11963,115.0
sdom1964,sdom1964k.gn,SDO-X Alchemist,rewu,11049386,,,,11964,129.0
sdom1966,sdom1966k.gn,SDO-X Alchemist,rewu,3628250,,,,11966,192.0
sdom1967,sdom1967k.gn,SDO-X Alchemist,rewu,9458173,,,,11967,78.0
sdom1969,sdom1969k.gn,SDO-X Alchemist,rewu,736269,,,,11969,125.0
sdom1970,sdom1970k.gn,SDO-X Alchemist,rewu,10275474,,,,11970,165.0
sdom1972,sdom1972k.gn,SDO-X Alchemist,rewu,5194969,,,,11972,125.0
sdom1973,sdom1973k.gn,SDO-X Alchemist,rewu,11049386,,,,11973,178.0
sdom5001,sdom5001k.gn,SDO-X Alchemist,rewu,3628250,,,,15001,155.0
sdom5002,sdom5002k.gn,SDO-X Alchemist,rewu,1044917,,,,15002,154.5
sdom5003,sdom5003k.gn,SDO-X Alchemist,rewu,16559437,,,,15003,153.95
sdom5004,sdom5004k.gn,SDO-X Alchemist,rewu,736269,,,,15004,155.7
sdom5005,sdom5005k.gn,SDO-X Alchemist,rewu,9458173,,,,15005,158.5
sdom5006,sdom5006k.gn,SDO-X Alchemist,rewu,3628250,,,,15006,165.0
sdom5007,sdom5007k.gn,SDO-X Alchemist,rewu,1044917,,,,15007,170.0
sdom5008,sdom5008k.gn,SDO-X Alchemist,rewu,16559437,,,,15008,179.0
sdom5009,sdom5009k.gn,SDO-X Alchemist,rewu,3628250,,,,15009,146.0
sdom5010,sdom5010k.gn,SDO-X Alchemist,rewu,16559437,,,,15010,158.0
sdom5011,sdom5011k.gn,SDO-X Alchemist,rewu,3628250,,,,15011,153.0
sdom5012,sdom5012k.gn,SDO-X Alchemist,rewu,9458173,,,,15012,170.0
sdom5013,sdom5013k.gn,SDO-X Alchemist,rewu,9458173,,,,15013,134.0
sdom5014,sdom5014k.gn,SDO-X Alchemist,rewu,9458173,,,,15014,90.0
sdom5015,sdom5015k.gn,SDO-X Alchemist,rewu,1044917,,,,15015,128.0
sdom5016,sdom5016k.gn,SDO-X Alchemist,rewu,3628250,,,,15016,115.0
sdom5017,sdom5017k.gn,SDO-X Alchemist,rewu,5378792,,,,15017,143.0
sdom5018,sdom5018k.gn,SDO-X Alchemist,rewu,11823522,,,,15018,180.0
sdom5019,sdom5019k.gn,SDO-X Alchemist,rewu,5378792,,,,15019,150.0
sdom5020,sdom5020k.gn,SDO-X Alchemist,rewu,5378792,,,,15020,150.0
sdom5021,sdom5021k.gn,SDO-X Alchemist,rewu,16559437,,,,15021,165.0
sdom5022,sdom5022k.gn,SDO-X Alchemist,rewu,9458173,,,,15022,184.0
sdom5023,sdom5023k.gn,SDO-X Alchemist,rewu,5378792,,,,15023,163.0
sdom5024,sdom5024k.gn,SDO-X Alchemist,rewu,9458173,,,,15024,135.0
sdom5025,sdom5025k.gn,SDO-X Alchemist,rewu,9458173,,,,15025,132.0
sdom5026,sdom5026k.gn,SDO-X Alchemist,rewu,5378792,,,,15026,98.0
sdom5027,sdom5027k.gn,SDO-X Alchemist,rewu,3628250,,,,15027,140.0
sdom5028,sdom5028k.gn,SDO-X Alchemist,rewu,3628250,,,,15028,169.0
sdom5029,sdom5029k.gn,SDO-X Alchemist,rewu,11602070,,,,15029,130.0
sdom5030,sdom5030k.gn,SDO-X Alchemist,rewu,935380,,,,15030,180.0
sdom5033,sdom5033k.gn,SDO-X Alchemist,rewu,3628250,,,,15033,126.0
sdom5035,sdom5035k.gn,SDO-X Alchemist,rewu,16559437,,,,15035,193.0
sdom5040,sdom5040k.gn,SDO-X Alchemist,rewu,9458173,,,,15040,178.0
sdom5041,sdom5041k.gn,SDO-X Alchemist,rewu,5378792,,,,15041,102.5
sdom5042,sdom5042k.gn,SDO-X Alchemist,rewu,5378792,,,,15042,140.0
sdom5044,sdom5044k.gn,SDO-X Alchemist,rewu,11602070,,,,15044,136.0
sdom5045,sdom5045k.gn,SDO-X Alchemist,rewu,5378792,,,,15045,184.0
sdom5046,sdom5046k.gn,SDO-X Alchemist,rewu,11602070,,,,15046,148.0
sdom5047,sdom5047k.gn,SDO-X Alchemist,rewu,3628250,,,,15047,171.0
sdom5048,sdom5048k.gn,SDO-X Alchemist,rewu,9458173,,,,15048,175.0
sdom5051,sdom5051k.gn,SDO-X Alchemist,rewu,9458173,,,,15051,192.0
sdom5053,sdom5053k.gn,SDO-X Alchemist,rewu,9458173,,,,15053,260.0
sdom5060,sdom5060k.gn,SDO-X Alchemist,rewu,3628250,,,,15060,178.0
sdom5062,sdom5062k.gn,SDO-X Alchemist,rewu,3628250,,,,15062,190.0
sdom5064,sdom5064k.gn,SDO-X Alchemist,rewu,1044917,,,,15064,147.0
sdom5065,sdom5065k.gn,SDO-X Alchemist,rewu,9458173,,,,15065,160.0
sdom5066,sdom5066k.gn,SDO-X Alchemist,rewu,9458173,,,,15066,190.0
sdom5067,sdom5067k.gn,SDO-X Alchemist,rewu,9458173,,,,15067,145.0
sdom5068,sdom5068k.gn,SDO-X Alchemist,rewu,5378792,,,,15068,164.9
sdom5069,sdom5069k.gn,SDO-X Alchemist,rewu,3628250,,,,15069,189.0
sdom5070,sdom5070k.gn,SDO-X Alchemist,rewu,5378792,,,,15070,158.0
sdom5071,sdom5071k.gn,SDO-X Alchemist,rewu,1044917,,,,15071,175.0
sdom5072,sdom5072k.gn,SDO-X Alchemist,rewu,8967522,,,,15072,163.0
sdom5073,sdom5073k.gn,SDO-X Alchemist,rewu,736269,,,,15073,155.0
sdom5074,sdom5074k.gn,SDO-X Alchemist,rewu,9458173,,,,15074,134.0
sdom5079,sdom5079k.gn,SDO-X Alchemist,rewu,9458173,,,,15079,110.1
sdom5080,sdom5080k.gn,SDO-X Alchemist,rewu,1044917,,,,15080,175.0
sdom5081,sdom5081k.gn,SDO-X Alchemist,rewu,736269,,,,15081,179.95
sdom5082,sdom5082k.gn,SDO-X Alchemist,rewu,11602070,,,,15082,185.0
sdom5083,sdom5083k.gn,SDO-X Alchemist,rewu,5378792,,,,15083,130.0
sdom5084,sdom5084k.gn,SDO-X Alchemist,rewu,9458173,,,,15084,183.5
sdom5085,sdom5085k.gn,SDO-X Alchemist,rewu,5378792,,,,15085,178.0
